{"stats":{"minecraft:used":{"minecraft:wooden_axe":21,"minecraft:stone_sword":3,"minecraft:stone_pickaxe":152,"minecraft:wooden_pickaxe":60,"byg:rocky_stone":7,"minecraft:spruce_sapling":1,"minecraft:mossy_cobblestone":1,"minecraft:crafting_table":4,"minecraft:spruce_log":1},"minecraft:killed":{"minecraft:pig":1,"minecraft:chicken":1},"minecraft:broken":{"minecraft:stone_pickaxe":1,"minecraft:wooden_pickaxe":1},"minecraft:custom":{"minecraft:time_since_rest":33660,"minecraft:damage_taken":30,"minecraft:walk_one_cm":56019,"minecraft:mob_kills":2,"minecraft:damage_dealt":140,"minecraft:interact_with_crafting_table":4,"minecraft:fly_one_cm":144,"minecraft:crouch_one_cm":115,"minecraft:play_time":33660,"minecraft:sneak_time":35,"minecraft:jump":230,"minecraft:leave_game":21,"minecraft:walk_on_water_one_cm":345,"minecraft:time_since_death":33660,"minecraft:total_world_time":33660},"minecraft:crafted":{"minecraft:wooden_sword":1,"minecraft:crafting_table":1,"minecraft:spruce_planks":56,"minecraft:stick":12,"minecraft:stone_pickaxe":2,"minecraft:wooden_pickaxe":1,"minecraft:wooden_axe":1,"minecraft:stone_sword":1,"minecraft:furnace":1},"minecraft:mined":{"byg:dacite":11,"byg:soapstone":3,"byg:lush_dirt":19,"minecraft:birch_log":6,"minecraft:spruce_log":16,"minecraft:birch_leaves":1,"minecraft:crafting_table":4,"minecraft:grass":1,"minecraft:dirt":2,"byg:rocky_stone":7,"minecraft:copper_ore":3,"minecraft:spruce_leaves":3,"minecraft:stone":164,"byg:mossy_stone":1,"minecraft:diorite":17,"minecraft:fern":1,"byg:lush_grass_block":3},"minecraft:picked_up":{"minecraft:feather":1,"minecraft:chicken":1,"minecraft:crafting_table":4,"byg:soapstone":3,"byg:lush_dirt":22,"minecraft:porkchop":2,"minecraft:spruce_sapling":1,"minecraft:diorite":17,"minecraft:spruce_log":15,"byg:dacite_cobblestone":11,"minecraft:dirt":2,"minecraft:mossy_cobblestone":1,"minecraft:raw_copper":8,"byg:rocky_stone":7,"minecraft:birch_log":6,"minecraft:cobblestone":161,"minecraft:furnace":1}},"DataVersion":3120}