{"stats":{"minecraft:dropped":{"alexsmobs:raccoon_tail":1},"minecraft:mined":{"minecraft:grass":6,"byg:maple_log":4,"byg:tall_pink_allium":1,"minecraft:wheat":5,"byg:tall_allium":1,"byg:red_maple_leaves":5,"minecraft:crafting_table":1},"minecraft:crafted":{"minecraft:crafting_table":1,"minecraft:stick":4,"minecraft:bread":1,"byg:maple_planks":16},"minecraft:custom":{"minecraft:open_chest":2,"minecraft:time_since_rest":1219,"minecraft:play_time":14075,"minecraft:damage_taken":240,"minecraft:walk_one_cm":45361,"minecraft:mob_kills":1,"minecraft:drop":1,"minecraft:jump":30,"minecraft:damage_dealt":90,"minecraft:leave_game":1,"minecraft:time_since_death":14075,"minecraft:total_world_time":14075,"minecraft:sleep_in_bed":2,"minecraft:interact_with_crafting_table":1,"minecraft:fall_one_cm":1067,"minecraft:fly_one_cm":427},"minecraft:used":{"minecraft:wheat_seeds":5,"minecraft:crafting_table":1,"minecraft:bread":1,"minecraft:potato":6,"youre_seeing_dungeons:unreal_dagger":3},"minecraft:killed":{"alexsmobs:raccoon":1},"minecraft:picked_up":{"byg:maple_log":4,"minecraft:crafting_table":1,"minecraft:wheat":5,"minecraft:wheat_seeds":19,"minecraft:spruce_log":1,"minecraft:bread":1,"alexsmobs:raccoon_tail":1,"minecraft:dirt":16}},"DataVersion":3120}