{"stats":{"minecraft:dropped":{"minecraft:wheat_seeds":2,"byg:allium_flower_bush":1,"byg:tall_allium":9,"byg:lush_dirt":22,"minecraft:dirt":27,"minecraft:rose_bush":1,"minecraft:wooden_sword":1,"byg:dacite_cobblestone":11},"minecraft:used":{"minecraft:stone_sword":37,"minecraft:birch_planks":37,"minecraft:stone_pickaxe":232,"minecraft:wooden_pickaxe":60,"byg:rocky_stone":7,"minecraft:cooked_chicken":3,"minecraft:mossy_cobblestone":1,"minecraft:crafting_table":5,"minecraft:white_bed":3,"minecraft:spruce_log":1,"minecraft:wooden_axe":47,"youre_seeing_dungeons:unreal_dagger":18,"minecraft:spruce_sapling":1,"minecraft:cobblestone":36,"minecraft:cooked_porkchop":1,"minecraft:furnace":1,"minecraft:cooked_beef":2},"minecraft:killed":{"minecraft:pig":4,"alexsmobs:raccoon":1,"born_in_chaos_v1:maggot":1,"minecraft:skeleton":1,"minecraft:sheep":6,"minecraft:zombie":1,"minecraft:chicken":3,"minecraft:cow":6},"minecraft:broken":{"minecraft:stone_pickaxe":1,"minecraft:wooden_pickaxe":1},"minecraft:custom":{"minecraft:interact_with_furnace":9,"minecraft:mob_kills":23,"minecraft:interact_with_crafting_table":7,"minecraft:leave_game":22,"minecraft:time_since_death":69198,"minecraft:sleep_in_bed":2,"minecraft:climb_one_cm":803,"minecraft:time_since_rest":11253,"minecraft:sprint_one_cm":39208,"minecraft:damage_taken":330,"minecraft:walk_one_cm":367502,"minecraft:drop":8,"minecraft:damage_dealt":2121,"minecraft:fly_one_cm":9876,"minecraft:crouch_one_cm":186,"minecraft:play_time":69198,"minecraft:sneak_time":107,"minecraft:jump":719,"minecraft:walk_on_water_one_cm":345,"minecraft:total_world_time":69198,"minecraft:fall_one_cm":5011},"minecraft:crafted":{"minecraft:cooked_beef":6,"minecraft:wooden_sword":1,"minecraft:cooked_porkchop":7,"minecraft:crafting_table":1,"minecraft:spruce_planks":56,"minecraft:wooden_pickaxe":1,"minecraft:cooked_chicken":3,"minecraft:furnace":1,"minecraft:birch_planks":52,"minecraft:air":0,"minecraft:stick":16,"minecraft:stone_pickaxe":2,"minecraft:wooden_axe":1,"minecraft:stone_sword":1,"minecraft:white_bed":1},"minecraft:mined":{"minecraft:white_bed":3,"minecraft:crafting_table":5,"byg:pink_allium_flower_bush":7,"minecraft:grass_block":2,"minecraft:rose_bush":1,"minecraft:cobblestone":1,"minecraft:copper_ore":3,"minecraft:spruce_leaves":3,"byg:mossy_stone":1,"minecraft:diorite":17,"byg:lush_grass_block":3,"minecraft:birch_planks":10,"byg:soapstone":3,"byg:lush_dirt":19,"minecraft:furnace":1,"minecraft:birch_log":13,"minecraft:iron_ore":21,"minecraft:pumpkin":1,"minecraft:spruce_log":16,"minecraft:birch_leaves":2,"byg:allium_flower_bush":3,"minecraft:grass":51,"minecraft:oak_log":1,"minecraft:coal_ore":51,"minecraft:vine":2,"minecraft:dirt":26,"byg:tall_pink_allium":3,"byg:rocky_stone":7,"minecraft:stone":167,"byg:tall_allium":11,"minecraft:oak_leaves":6,"minecraft:fern":1,"byg:dacite":11},"minecraft:picked_up":{"minecraft:birch_log":13,"minecraft:crafting_table":5,"byg:soapstone":3,"minecraft:feather":2,"byg:lush_dirt":22,"minecraft:chicken":3,"minecraft:leather":9,"minecraft:birch_planks":10,"byg:dacite_cobblestone":11,"minecraft:dirt":27,"minecraft:raw_copper":8,"minecraft:wheat_seeds":2,"byg:allium_flower_bush":1,"byg:pink_allium_flower_bush":4,"minecraft:beef":8,"minecraft:rose_bush":1,"alexsmobs:raccoon_tail":1,"minecraft:furnace":2,"minecraft:raw_iron":21,"minecraft:porkchop":7,"minecraft:carrot":1,"minecraft:spruce_sapling":1,"minecraft:diorite":17,"minecraft:white_bed":3,"minecraft:spruce_log":15,"minecraft:mossy_cobblestone":1,"youre_seeing_dungeons:essence":2,"youre_seeing_dungeons:loot_token":1,"byg:tall_allium":11,"youre_seeing_dungeons:despair_dimension_epitaph":1,"byg:rocky_stone":7,"minecraft:black_wool":1,"minecraft:mutton":9,"minecraft:coal":51,"minecraft:white_wool":5,"minecraft:cobblestone":165}},"DataVersion":3120}