{"stats":{"minecraft:dropped":{"minecraft:wheat_seeds":2,"minecraft:raw_copper":1,"byg:white_sand":4,"byg:red_oak_sapling":6,"byg:allium_flower_bush":1,"byg:tall_allium":15,"minecraft:oak_planks":64,"byg:lush_dirt":22,"byg:white_puffball_spores":2,"minecraft:dirt":27,"byg:pink_allium_flower_bush":8,"byg:soapstone":3,"minecraft:diorite":17,"minecraft:rose_bush":1,"born_in_chaos_v1:corpse_maggot":1,"minecraft:wooden_sword":1,"byg:dacite_cobblestone":20,"alexsmobs:raccoon_tail":1},"minecraft:used":{"minecraft:stone_sword":37,"minecraft:iron_shovel":147,"minecraft:birch_planks":37,"minecraft:stone_pickaxe":232,"minecraft:oak_planks":94,"minecraft:chest":3,"minecraft:shield":4,"minecraft:spruce_planks":33,"minecraft:wooden_pickaxe":60,"minecraft:iron_sword":5,"byg:rocky_stone":7,"minecraft:cooked_chicken":3,"minecraft:iron_chestplate":1,"minecraft:mossy_cobblestone":1,"minecraft:crafting_table":7,"minecraft:white_bed":5,"minecraft:spruce_log":1,"minecraft:wooden_axe":56,"minecraft:oak_log":3,"minecraft:iron_pickaxe":175,"youre_seeing_dungeons:unreal_dagger":18,"minecraft:iron_axe":77,"byg:red_oak_sapling":2,"minecraft:spruce_sapling":1,"minecraft:cobblestone":68,"byg:dacite_cobblestone":1,"minecraft:furnace":3,"minecraft:cooked_porkchop":2,"minecraft:cooked_beef":2},"minecraft:killed":{"minecraft:pig":4,"alexsmobs:raccoon":1,"born_in_chaos_v1:decrepit_skeleton":1,"born_in_chaos_v1:maggot":1,"minecraft:sheep":6,"minecraft:skeleton":1,"born_in_chaos_v1:corpse_fly":1,"minecraft:zombie":1,"minecraft:chicken":3,"minecraft:cow":6},"minecraft:broken":{"minecraft:stone_pickaxe":1,"minecraft:wooden_axe":1,"minecraft:wooden_pickaxe":1},"minecraft:custom":{"minecraft:interact_with_furnace":12,"minecraft:mob_kills":25,"minecraft:interact_with_crafting_table":11,"minecraft:leave_game":26,"minecraft:time_since_death":101868,"minecraft:sleep_in_bed":3,"minecraft:climb_one_cm":803,"minecraft:time_since_rest":31333,"minecraft:sprint_one_cm":48573,"minecraft:damage_taken":390,"minecraft:walk_one_cm":531334,"minecraft:damage_blocked_by_shield":100,"minecraft:drop":31,"minecraft:damage_dealt":2372,"minecraft:talked_to_villager":1,"minecraft:fly_one_cm":11505,"minecraft:open_chest":3,"minecraft:crouch_one_cm":186,"minecraft:play_time":101868,"minecraft:sneak_time":107,"minecraft:jump":898,"minecraft:walk_on_water_one_cm":345,"minecraft:total_world_time":101868,"minecraft:fall_one_cm":6786},"minecraft:crafted":{"minecraft:cooked_beef":6,"minecraft:wooden_sword":1,"minecraft:oak_planks":204,"minecraft:cooked_porkchop":7,"minecraft:crafting_table":1,"minecraft:spruce_planks":56,"minecraft:wooden_pickaxe":1,"minecraft:cooked_chicken":3,"minecraft:iron_sword":1,"minecraft:furnace":1,"minecraft:birch_planks":52,"minecraft:air":0,"minecraft:iron_chestplate":1,"minecraft:shield":1,"minecraft:iron_axe":1,"minecraft:stick":16,"minecraft:iron_ingot":15,"minecraft:iron_pickaxe":1,"minecraft:stone_pickaxe":2,"minecraft:wooden_axe":1,"minecraft:stone_sword":1,"minecraft:chest":3,"minecraft:iron_shovel":1,"minecraft:white_bed":1},"minecraft:mined":{"byg:white_sand":160,"minecraft:white_bed":4,"byg:pink_allium_flower_bush":7,"minecraft:crafting_table":6,"minecraft:grass_block":2,"minecraft:rose_bush":1,"minecraft:copper_ore":3,"minecraft:cobblestone":1,"minecraft:spruce_leaves":3,"minecraft:oak_planks":4,"byg:mossy_stone":1,"minecraft:diorite":17,"byg:lush_grass_block":3,"minecraft:birch_planks":10,"byg:soapstone":3,"byg:lush_dirt":19,"byg:red_oak_leaves":79,"minecraft:furnace":2,"byg:dacite_cobblestone":2,"minecraft:birch_log":13,"minecraft:iron_ore":21,"minecraft:spruce_log":16,"minecraft:birch_leaves":2,"byg:allium_flower_bush":3,"minecraft:pumpkin":1,"minecraft:grass":54,"minecraft:oak_log":54,"minecraft:coal_ore":51,"minecraft:vine":2,"minecraft:dirt":26,"byg:tall_pink_allium":4,"byg:rocky_stone":24,"minecraft:stone":167,"byg:tall_allium":12,"minecraft:oak_leaves":10,"minecraft:fern":1,"byg:dacite":164},"minecraft:picked_up":{"minecraft:birch_log":13,"born_in_chaos_v1:corpse_maggot":1,"minecraft:crafting_table":6,"byg:soapstone":3,"minecraft:feather":2,"byg:lush_dirt":22,"minecraft:chicken":3,"minecraft:leather":9,"minecraft:birch_planks":10,"minecraft:oak_log":54,"byg:white_puffball_cap":1,"byg:white_sand":163,"byg:dacite_cobblestone":174,"minecraft:dirt":27,"minecraft:raw_copper":9,"minecraft:item_frame":1,"byg:red_oak_sapling":8,"minecraft:wheat_seeds":2,"byg:allium_flower_bush":1,"minecraft:iron_ingot":6,"byg:pink_allium_flower_bush":8,"minecraft:beef":8,"minecraft:rose_bush":1,"alexsmobs:raccoon_tail":1,"minecraft:oak_planks":68,"minecraft:furnace":3,"minecraft:raw_iron":21,"minecraft:stick":2,"minecraft:porkchop":7,"minecraft:spruce_sapling":1,"minecraft:diorite":17,"minecraft:white_bed":4,"minecraft:spruce_log":15,"minecraft:carrot":1,"minecraft:mossy_cobblestone":1,"youre_seeing_dungeons:essence":2,"minecraft:arrow":1,"youre_seeing_dungeons:loot_token":1,"byg:tall_allium":15,"youre_seeing_dungeons:despair_dimension_epitaph":1,"minecraft:black_wool":1,"minecraft:mutton":9,"byg:white_puffball_spores":2,"minecraft:coal":99,"byg:rocky_stone":24,"minecraft:white_wool":5,"minecraft:cobblestone":165}},"DataVersion":3120}