{"stats":{"minecraft:dropped":{"alexsmobs:raccoon_tail":1},"minecraft:mined":{"byg:maple_log":4,"minecraft:wheat":5,"minecraft:sweet_berry_bush":2,"byg:prairie_grass":8,"byg:red_maple_leaves":5,"minecraft:pumpkin":1,"minecraft:crafting_table":1,"minecraft:grass":7,"byg:tall_pink_allium":1,"byg:tall_allium":1,"byg:tall_prairie_grass":5},"minecraft:crafted":{"minecraft:crafting_table":1,"minecraft:stick":4,"byg:maple_planks":16,"minecraft:bread":1},"minecraft:used":{"minecraft:wheat_seeds":5,"minecraft:bread":1,"youre_seeing_dungeons:unreal_dagger":6,"minecraft:crafting_table":1,"minecraft:potato":13},"minecraft:custom":{"minecraft:time_since_rest":10756,"minecraft:sprint_one_cm":1160,"minecraft:damage_taken":400,"minecraft:walk_one_cm":74362,"minecraft:mob_kills":2,"minecraft:drop":1,"minecraft:damage_dealt":189,"minecraft:interact_with_crafting_table":1,"minecraft:fly_one_cm":1093,"minecraft:open_chest":3,"minecraft:play_time":35328,"minecraft:deaths":1,"minecraft:jump":53,"minecraft:leave_game":8,"minecraft:time_since_death":13767,"minecraft:sleep_in_bed":4,"minecraft:total_world_time":35328,"minecraft:fall_one_cm":1276},"minecraft:killed":{"alexsmobs:raccoon":1,"born_in_chaos_v1:zombie_bruiser":1},"minecraft:killed_by":{"minecraft:zombie":1},"minecraft:picked_up":{"byg:maple_log":4,"minecraft:crafting_table":1,"minecraft:wheat":5,"minecraft:pumpkin":1,"minecraft:sweet_berries":4,"minecraft:oak_log":2,"minecraft:spruce_log":1,"minecraft:dirt":16,"youre_seeing_dungeons:essence":2,"minecraft:rotten_flesh":5,"minecraft:wheat_seeds":22,"minecraft:bread":1,"alexsmobs:raccoon_tail":1}},"DataVersion":3120}