{"stats":{"minecraft:dropped":{"minecraft:wheat_seeds":2,"byg:white_sand":4,"byg:red_oak_sapling":6,"byg:allium_flower_bush":1,"byg:lush_dirt":22,"byg:white_puffball_spores":2,"minecraft:dirt":27,"byg:pink_allium_flower_bush":8,"minecraft:diorite":17,"byg:soapstone":3,"minecraft:rose_bush":1,"minecraft:wooden_sword":1,"alexsmobs:raccoon_tail":1,"minecraft:raw_copper":1,"byg:tall_allium":15,"minecraft:oak_planks":64,"born_in_chaos_v1:corpse_maggot":1,"byg:dacite_cobblestone":20},"minecraft:used":{"minecraft:stone_sword":37,"minecraft:iron_shovel":147,"minecraft:spruce_planks":33,"minecraft:chest":3,"minecraft:shield":5,"minecraft:iron_sword":19,"minecraft:cooked_chicken":3,"minecraft:iron_chestplate":1,"minecraft:oak_door":1,"minecraft:torch":11,"minecraft:wooden_axe":56,"minecraft:iron_axe":165,"byg:red_oak_sapling":2,"minecraft:furnace":4,"byg:dacite_cobblestone":1,"minecraft:cooked_beef":2,"minecraft:birch_planks":37,"minecraft:stone_pickaxe":232,"minecraft:oak_planks":154,"minecraft:wooden_pickaxe":60,"byg:rocky_stone":7,"minecraft:mossy_cobblestone":1,"minecraft:crafting_table":8,"minecraft:white_bed":6,"minecraft:spruce_log":1,"minecraft:oak_log":68,"minecraft:iron_pickaxe":353,"youre_seeing_dungeons:unreal_dagger":18,"minecraft:spruce_sapling":1,"minecraft:cobblestone":74,"minecraft:cooked_porkchop":6},"minecraft:killed":{"alexsmobs:raccoon":5,"born_in_chaos_v1:maggot":1,"minecraft:skeleton":2,"minecraft:chicken":4,"minecraft:pig":6,"born_in_chaos_v1:decrepit_skeleton":1,"minecraft:sheep":6,"minecraft:zombie":1,"born_in_chaos_v1:corpse_fly":1,"minecraft:cow":6},"minecraft:broken":{"minecraft:wooden_pickaxe":1,"minecraft:stone_pickaxe":1,"minecraft:iron_pickaxe":1,"minecraft:wooden_axe":1},"minecraft:custom":{"minecraft:mob_kills":33,"minecraft:interact_with_crafting_table":13,"minecraft:leave_game":28,"minecraft:time_since_death":137996,"minecraft:climb_one_cm":803,"minecraft:sprint_one_cm":103123,"minecraft:walk_one_cm":716080,"minecraft:damage_blocked_by_shield":140,"minecraft:drop":31,"minecraft:talked_to_villager":1,"minecraft:play_time":137996,"minecraft:sneak_time":107,"minecraft:jump":1276,"minecraft:walk_on_water_one_cm":345,"minecraft:total_world_time":137996,"minecraft:interact_with_furnace":12,"minecraft:sleep_in_bed":5,"minecraft:time_since_rest":21126,"minecraft:damage_taken":659,"minecraft:damage_dealt":3132,"minecraft:fly_one_cm":30845,"minecraft:open_chest":4,"minecraft:crouch_one_cm":186,"minecraft:fall_one_cm":12926},"minecraft:crafted":{"minecraft:wooden_sword":1,"minecraft:oak_door":3,"minecraft:oak_planks":204,"minecraft:cooked_chicken":3,"minecraft:furnace":1,"minecraft:iron_axe":1,"minecraft:stone_pickaxe":2,"minecraft:chest":3,"minecraft:cooked_beef":6,"minecraft:cooked_porkchop":7,"minecraft:crafting_table":1,"minecraft:spruce_planks":56,"minecraft:wooden_pickaxe":1,"minecraft:iron_sword":1,"minecraft:birch_planks":52,"minecraft:air":0,"minecraft:iron_chestplate":1,"minecraft:shield":1,"minecraft:stick":32,"minecraft:iron_ingot":15,"minecraft:iron_pickaxe":2,"minecraft:wooden_axe":1,"minecraft:stone_sword":1,"minecraft:iron_shovel":1,"minecraft:white_bed":1,"minecraft:torch":60},"minecraft:mined":{"minecraft:white_bed":5,"byg:pink_allium_flower_bush":7,"minecraft:grass_block":2,"minecraft:spruce_leaves":3,"byg:red_oak_leaves":91,"minecraft:furnace":3,"minecraft:iron_ore":33,"minecraft:pumpkin":1,"byg:allium_flower_bush":3,"minecraft:vine":2,"byg:rocky_stone":24,"minecraft:stone":268,"byg:dacite":190,"byg:white_sand":160,"minecraft:crafting_table":7,"minecraft:rose_bush":1,"minecraft:copper_ore":3,"minecraft:cobblestone":1,"minecraft:oak_planks":11,"byg:mossy_stone":1,"minecraft:diorite":17,"byg:lush_grass_block":3,"minecraft:birch_planks":10,"byg:soapstone":3,"byg:lush_dirt":19,"byg:dacite_cobblestone":2,"minecraft:birch_log":13,"minecraft:spruce_log":16,"minecraft:birch_leaves":2,"minecraft:grass":54,"minecraft:oak_log":119,"minecraft:coal_ore":89,"minecraft:dirt":26,"byg:tall_pink_allium":4,"byg:tall_allium":12,"minecraft:oak_leaves":13,"minecraft:fern":1},"minecraft:picked_up":{"minecraft:crafting_table":7,"byg:soapstone":3,"byg:lush_dirt":22,"minecraft:chicken":4,"byg:white_sand":163,"minecraft:raw_copper":9,"minecraft:item_frame":1,"byg:pink_allium_flower_bush":8,"minecraft:beef":8,"minecraft:rose_bush":1,"alexsmobs:raccoon_tail":3,"minecraft:furnace":4,"minecraft:stick":4,"minecraft:raw_iron":33,"minecraft:porkchop":12,"minecraft:carrot":1,"minecraft:diorite":17,"youre_seeing_dungeons:essence":2,"minecraft:arrow":2,"youre_seeing_dungeons:loot_token":1,"byg:white_puffball_spores":2,"minecraft:mutton":9,"minecraft:cobblestone":262,"byg:rocky_stone":24,"minecraft:white_wool":5,"youre_seeing_dungeons:despair_dimension_epitaph":1,"minecraft:birch_log":13,"born_in_chaos_v1:corpse_maggot":1,"minecraft:feather":3,"minecraft:leather":9,"minecraft:birch_planks":10,"minecraft:oak_log":119,"byg:white_puffball_cap":1,"byg:dacite_cobblestone":200,"minecraft:dirt":27,"minecraft:bone":2,"byg:red_oak_sapling":10,"minecraft:wheat_seeds":2,"byg:allium_flower_bush":1,"minecraft:iron_ingot":6,"minecraft:oak_planks":75,"minecraft:spruce_sapling":1,"minecraft:white_bed":5,"minecraft:spruce_log":15,"minecraft:mossy_cobblestone":1,"byg:tall_allium":15,"minecraft:black_wool":1,"minecraft:coal":137}},"DataVersion":3120}