{"stats":{"minecraft:used":{"minecraft:wooden_axe":13,"minecraft:mossy_cobblestone":1,"minecraft:crafting_table":3,"minecraft:spruce_sapling":1,"minecraft:wooden_pickaxe":53,"byg:rocky_stone":2,"minecraft:spruce_log":1},"minecraft:custom":{"minecraft:time_since_rest":24330,"minecraft:crouch_one_cm":115,"minecraft:play_time":24330,"minecraft:damage_taken":30,"minecraft:walk_one_cm":20213,"minecraft:sneak_time":35,"minecraft:jump":61,"minecraft:leave_game":21,"minecraft:fly_one_cm":66,"minecraft:time_since_death":24330,"minecraft:interact_with_crafting_table":3,"minecraft:total_world_time":24330},"minecraft:crafted":{"minecraft:wooden_sword":1,"minecraft:furnace":1,"minecraft:crafting_table":1,"minecraft:spruce_planks":56,"minecraft:stick":12,"minecraft:wooden_axe":1,"minecraft:wooden_pickaxe":1},"minecraft:mined":{"byg:dacite":11,"minecraft:grass":1,"byg:lush_dirt":18,"minecraft:dirt":2,"byg:rocky_stone":7,"minecraft:spruce_leaves":3,"minecraft:spruce_log":16,"minecraft:stone":29,"byg:mossy_stone":1,"byg:lush_grass_block":3,"minecraft:crafting_table":3,"minecraft:fern":1},"minecraft:picked_up":{"minecraft:crafting_table":3,"byg:lush_dirt":21,"minecraft:spruce_sapling":1,"minecraft:spruce_log":15,"byg:dacite_cobblestone":11,"minecraft:cobblestone":21,"byg:rocky_stone":7,"minecraft:dirt":2,"minecraft:mossy_cobblestone":1,"minecraft:furnace":1}},"DataVersion":3120}