{"stats":{"minecraft:dropped":{"minecraft:wheat_seeds":2,"byg:lush_dirt":10},"minecraft:custom":{"minecraft:time_since_rest":19747,"minecraft:play_time":19747,"minecraft:sprint_one_cm":1363,"minecraft:damage_taken":130,"minecraft:walk_one_cm":9895,"minecraft:drop":12,"minecraft:jump":23,"minecraft:leave_game":26,"minecraft:time_since_death":19747,"minecraft:total_world_time":19747,"minecraft:fall_one_cm":2009,"minecraft:fly_one_cm":2459},"minecraft:picked_up":{"byg:lush_dirt":12,"minecraft:wheat_seeds":6,"minecraft:oak_log":6,"minecraft:oak_sapling":1},"minecraft:used":{"minecraft:oak_sapling":1},"minecraft:crafted":{"minecraft:oak_planks":20,"minecraft:crafting_table":1,"minecraft:stick":8},"minecraft:mined":{"minecraft:grass":7,"minecraft:oak_log":9,"byg:lush_dirt":5,"minecraft:oak_leaves":7,"byg:lush_grass_block":15,"minecraft:fern":1}},"DataVersion":3120}