{"stats":{"minecraft:broken":{"minecraft:stone_pickaxe":6},"minecraft:used":{"minecraft:stone_sword":32,"minecraft:stone_shovel":72,"minecraft:stone_pickaxe":887,"minecraft:oak_planks":54,"minecraft:chest":2,"minecraft:wooden_pickaxe":25,"minecraft:torch":77,"minecraft:crafting_table":9,"minecraft:white_bed":3,"minecraft:wooden_axe":34,"minecraft:bread":2,"minecraft:iron_pickaxe":33,"youre_seeing_dungeons:unreal_dagger":6,"minecraft:stone_axe":2,"minecraft:cobblestone":52,"minecraft:furnace":3,"minecraft:cooked_beef":4,"minecraft:potato":13,"minecraft:cooked_mutton":2,"minecraft:wheat_seeds":5},"minecraft:picked_up":{"byg:soapstone":28,"minecraft:crafting_table":8,"born_in_chaos_v1:diamond_termite_shard":3,"minecraft:wheat":6,"minecraft:chicken":1,"minecraft:andesite":6,"minecraft:brown_wool":2,"minecraft:leather":3,"minecraft:oak_log":36,"minecraft:lapis_lazuli":31,"minecraft:cornflower":4,"minecraft:dirt":136,"minecraft:wooden_sword":1,"minecraft:wheat_seeds":30,"minecraft:cobbled_deepslate":131,"minecraft:iron_ingot":3,"minecraft:beef":4,"dynamictrees:oak_seed":5,"alexsmobs:raccoon_tail":1,"minecraft:furnace":2,"byg:maple_log":4,"minecraft:stick":9,"minecraft:raw_iron":7,"minecraft:pumpkin":1,"minecraft:sweet_berries":4,"minecraft:torch":14,"minecraft:dandelion":6,"minecraft:diorite":27,"minecraft:white_bed":2,"minecraft:spruce_log":2,"youre_seeing_dungeons:essence":4,"minecraft:rotten_flesh":5,"create:ochrum":4,"minecraft:granite":23,"minecraft:bread":1,"minecraft:mutton":4,"minecraft:coal":128,"minecraft:white_wool":3,"minecraft:cobblestone":529},"minecraft:killed":{"born_in_chaos_v1:diamond_termite":4,"alexsmobs:raccoon":1,"born_in_chaos_v1:zombie_bruiser":1,"minecraft:sheep":4,"minecraft:zombie":1,"minecraft:chicken":1,"minecraft:silverfish":1,"minecraft:cow":2},"minecraft:mined":{"byg:maple_log":4,"minecraft:tuff":2,"minecraft:white_bed":2,"minecraft:dandelion":1,"minecraft:powder_snow":29,"born_in_chaos_v1:infected_diamond_ore":2,"minecraft:crafting_table":8,"minecraft:cornflower":1,"minecraft:granite":37,"minecraft:grass_block":73,"create:ochrum":6,"minecraft:copper_ore":2,"minecraft:cobblestone":2,"minecraft:lapis_ore":5,"minecraft:diorite":27,"minecraft:wall_torch":13,"minecraft:large_fern":1,"byg:soapstone":28,"minecraft:furnace":2,"minecraft:iron_ore":7,"minecraft:wheat":5,"minecraft:sweet_berry_bush":2,"byg:red_maple_leaves":5,"minecraft:andesite":34,"byg:prairie_grass":21,"minecraft:pumpkin":1,"minecraft:grass":26,"minecraft:coal_ore":92,"minecraft:oak_log":14,"minecraft:dripstone_block":2,"minecraft:dirt":31,"byg:tall_pink_allium":1,"minecraft:stone":531,"byg:tall_allium":1,"minecraft:oak_leaves":2,"minecraft:deepslate":144,"byg:tall_prairie_grass":12,"minecraft:infested_stone":1},"minecraft:killed_by":{"minecraft:zombie":1},"minecraft:custom":{"minecraft:interact_with_furnace":11,"minecraft:mob_kills":15,"minecraft:interact_with_crafting_table":18,"minecraft:leave_game":30,"minecraft:time_since_death":118972,"minecraft:sleep_in_bed":9,"minecraft:time_since_rest":7803,"minecraft:sprint_one_cm":14464,"minecraft:damage_taken":840,"minecraft:walk_one_cm":457613,"minecraft:drop":44,"minecraft:damage_dealt":1638,"minecraft:swim_one_cm":3214,"minecraft:fly_one_cm":14666,"minecraft:open_chest":5,"minecraft:play_time":140533,"minecraft:deaths":1,"minecraft:walk_under_water_one_cm":374,"minecraft:jump":932,"minecraft:walk_on_water_one_cm":424,"minecraft:total_world_time":140533,"minecraft:fall_one_cm":5542},"minecraft:dropped":{"byg:biomepedia":1,"minecraft:sweet_berries":4,"minecraft:wheat_seeds":4,"create:ochrum":4,"dynamictrees:oak_seed":5,"alexsmobs:animal_dictionary":1,"minecraft:cobbled_deepslate":3,"youre_seeing_dungeons:unreal_dagger":1,"minecraft:wheat":3,"minecraft:cobblestone":105,"minecraft:rotten_flesh":5,"minecraft:granite":21,"minecraft:dirt":37,"byg:maple_planks":10,"minecraft:diorite":11,"minecraft:cornflower":2,"minecraft:andesite":6,"minecraft:brown_wool":1,"minecraft:wooden_sword":2,"minecraft:pumpkin":1,"minecraft:spruce_log":2,"alexsmobs:raccoon_tail":1,"minecraft:dandelion":1},"minecraft:crafted":{"minecraft:cooked_beef":4,"minecraft:wooden_sword":1,"minecraft:oak_planks":144,"minecraft:stone_shovel":1,"minecraft:crafting_table":1,"minecraft:wooden_pickaxe":1,"minecraft:furnace":1,"minecraft:stone_axe":1,"minecraft:bread":1,"minecraft:cooked_mutton":4,"minecraft:shield":1,"minecraft:stick":72,"byg:maple_planks":16,"minecraft:iron_ingot":3,"minecraft:iron_pickaxe":1,"minecraft:stone_pickaxe":7,"minecraft:wooden_axe":1,"minecraft:stone_sword":1,"minecraft:chest":2,"minecraft:white_bed":1,"minecraft:torch":124}},"DataVersion":3120}