{"stats":{"minecraft:used":{"minecraft:stone_sword":16,"minecraft:birch_planks":37,"minecraft:stone_pickaxe":152,"minecraft:wooden_pickaxe":60,"byg:rocky_stone":7,"minecraft:mossy_cobblestone":1,"minecraft:crafting_table":5,"minecraft:white_bed":1,"minecraft:spruce_log":1,"minecraft:wooden_axe":41,"youre_seeing_dungeons:unreal_dagger":15,"minecraft:spruce_sapling":1,"minecraft:furnace":1,"minecraft:cooked_beef":2},"minecraft:killed":{"minecraft:pig":4,"alexsmobs:raccoon":1,"minecraft:sheep":4,"minecraft:chicken":3,"minecraft:cow":4},"minecraft:broken":{"minecraft:stone_pickaxe":1,"minecraft:wooden_pickaxe":1},"minecraft:custom":{"minecraft:interact_with_furnace":8,"minecraft:mob_kills":16,"minecraft:interact_with_crafting_table":7,"minecraft:leave_game":21,"minecraft:time_since_death":45660,"minecraft:sleep_in_bed":1,"minecraft:time_since_rest":450,"minecraft:sprint_one_cm":4047,"minecraft:damage_taken":40,"minecraft:walk_one_cm":155670,"minecraft:damage_dealt":1332,"minecraft:fly_one_cm":711,"minecraft:crouch_one_cm":115,"minecraft:play_time":45660,"minecraft:sneak_time":35,"minecraft:jump":306,"minecraft:walk_on_water_one_cm":345,"minecraft:total_world_time":45660,"minecraft:fall_one_cm":813},"minecraft:crafted":{"minecraft:wooden_sword":1,"minecraft:cooked_porkchop":6,"minecraft:crafting_table":1,"minecraft:spruce_planks":56,"minecraft:cooked_chicken":3,"minecraft:wooden_pickaxe":1,"minecraft:furnace":1,"minecraft:birch_planks":52,"minecraft:air":0,"minecraft:stick":16,"minecraft:stone_pickaxe":2,"minecraft:wooden_axe":1,"minecraft:stone_sword":1,"minecraft:white_bed":1,"minecraft:cooked_beef":6},"minecraft:mined":{"byg:dacite":11,"minecraft:white_bed":1,"minecraft:crafting_table":4,"byg:pink_allium_flower_bush":7,"minecraft:grass_block":1,"minecraft:rose_bush":1,"minecraft:copper_ore":3,"minecraft:spruce_leaves":3,"byg:mossy_stone":1,"minecraft:diorite":17,"byg:lush_grass_block":3,"minecraft:birch_planks":6,"byg:soapstone":3,"byg:lush_dirt":19,"minecraft:birch_log":13,"minecraft:spruce_log":16,"minecraft:birch_leaves":1,"byg:allium_flower_bush":3,"minecraft:pumpkin":1,"minecraft:grass":50,"minecraft:dirt":26,"byg:tall_pink_allium":3,"byg:rocky_stone":7,"minecraft:stone":164,"byg:tall_allium":10,"minecraft:fern":1},"minecraft:picked_up":{"minecraft:birch_log":13,"minecraft:crafting_table":4,"byg:soapstone":3,"minecraft:feather":2,"byg:lush_dirt":22,"minecraft:chicken":3,"minecraft:leather":7,"minecraft:birch_planks":6,"byg:dacite_cobblestone":11,"minecraft:dirt":27,"minecraft:raw_copper":8,"minecraft:wheat_seeds":2,"minecraft:beef":6,"minecraft:rose_bush":1,"alexsmobs:raccoon_tail":1,"minecraft:furnace":1,"minecraft:porkchop":7,"minecraft:white_bed":1,"minecraft:spruce_sapling":1,"minecraft:diorite":17,"minecraft:spruce_log":15,"minecraft:mossy_cobblestone":1,"youre_seeing_dungeons:essence":2,"youre_seeing_dungeons:loot_token":1,"byg:tall_allium":9,"minecraft:cobblestone":161,"minecraft:black_wool":1,"byg:rocky_stone":7,"minecraft:mutton":5,"minecraft:white_wool":3,"youre_seeing_dungeons:despair_dimension_epitaph":1}},"DataVersion":3120}