{"stats":{"minecraft:custom":{"minecraft:jump":6,"minecraft:time_since_rest":9866,"minecraft:damage_taken":130,"minecraft:leave_game":13,"minecraft:play_time":9866,"minecraft:time_since_death":9866,"minecraft:walk_one_cm":2217,"minecraft:total_world_time":9866,"minecraft:fall_one_cm":1800},"minecraft:picked_up":{"minecraft:oak_log":1,"byg:lush_dirt":3,"minecraft:oak_sapling":1,"minecraft:wheat_seeds":2},"minecraft:used":{"minecraft:oak_sapling":1},"minecraft:mined":{"minecraft:grass":6,"minecraft:oak_log":4,"byg:lush_dirt":2,"minecraft:oak_leaves":7,"byg:lush_grass_block":15}},"DataVersion":3120}