{"stats":{"minecraft:used":{"minecraft:wooden_axe":12,"minecraft:mossy_cobblestone":1,"minecraft:crafting_table":3,"minecraft:spruce_sapling":1,"minecraft:wooden_pickaxe":23,"minecraft:spruce_log":1},"minecraft:custom":{"minecraft:time_since_rest":12305,"minecraft:play_time":12305,"minecraft:walk_one_cm":16092,"minecraft:jump":38,"minecraft:leave_game":9,"minecraft:time_since_death":12305,"minecraft:fly_one_cm":26,"minecraft:total_world_time":12305,"minecraft:interact_with_crafting_table":3},"minecraft:crafted":{"minecraft:wooden_sword":1,"minecraft:furnace":1,"minecraft:crafting_table":1,"minecraft:spruce_planks":56,"minecraft:stick":12,"minecraft:wooden_axe":1,"minecraft:wooden_pickaxe":1},"minecraft:mined":{"byg:dacite":4,"minecraft:grass":1,"byg:lush_dirt":1,"minecraft:dirt":2,"byg:rocky_stone":6,"minecraft:spruce_leaves":3,"minecraft:spruce_log":16,"minecraft:stone":11,"byg:mossy_stone":1,"minecraft:crafting_table":2,"minecraft:fern":1},"minecraft:picked_up":{"minecraft:crafting_table":2,"byg:lush_dirt":1,"minecraft:spruce_sapling":1,"minecraft:spruce_log":15,"byg:dacite_cobblestone":4,"minecraft:cobblestone":11,"byg:rocky_stone":6,"minecraft:dirt":2,"minecraft:mossy_cobblestone":1,"minecraft:furnace":1}},"DataVersion":3120}