{"stats":{"minecraft:dropped":{"byg:lush_dirt":7},"minecraft:custom":{"minecraft:jump":6,"minecraft:time_since_rest":16479,"minecraft:damage_taken":130,"minecraft:walk_one_cm":2217,"minecraft:leave_game":24,"minecraft:play_time":16479,"minecraft:time_since_death":16479,"minecraft:total_world_time":16479,"minecraft:fall_one_cm":1800,"minecraft:drop":7},"minecraft:picked_up":{"minecraft:oak_log":1,"byg:lush_dirt":9,"minecraft:oak_sapling":1,"minecraft:wheat_seeds":2},"minecraft:used":{"minecraft:oak_sapling":1},"minecraft:mined":{"minecraft:grass":6,"minecraft:oak_log":4,"byg:lush_dirt":5,"minecraft:oak_leaves":7,"byg:lush_grass_block":15}},"DataVersion":3120}