{"stats":{"minecraft:dropped":{"simplyswords:shadowsting":1,"youre_seeing_dungeons:despair_shortsword":1,"born_in_chaos_v1:soulbane":1,"minecraft:wheat_seeds":2,"simplyswords:soulstealer":1,"cataclysm:ignitium_helmet":1,"cataclysm:ignitium_chestplate":1,"rpgsmw:iron_scythe":1,"simplyswords:harbinger":1,"simplyswords:tainted_relic":1,"cataclysm:the_incinerator":1,"simplyswords:mjolnir":1,"born_in_chaos_v1:trident_hayfork":1,"minecraft:enchanted_golden_apple":66,"cataclysm:ignitium_elytra_chestplate":1,"simplyswords:netherite_cutlass":1,"byg:lush_dirt":10,"farmersdelight:chicken_sandwich":3,"simplyswords:iron_claymore":1},"minecraft:custom":{"minecraft:time_since_rest":31747,"minecraft:sprint_one_cm":2448,"minecraft:walk_one_cm":43349,"minecraft:damage_taken":130,"minecraft:mob_kills":1,"minecraft:drop":33,"minecraft:damage_dealt":221,"minecraft:interact_with_crafting_table":13,"minecraft:fly_one_cm":4298,"minecraft:play_time":31747,"minecraft:jump":61,"minecraft:leave_game":26,"minecraft:time_since_death":31747,"minecraft:total_world_time":31747,"minecraft:fall_one_cm":2487},"minecraft:picked_up":{"byg:lush_dirt":12,"minecraft:chicken":1,"minecraft:oak_log":6,"minecraft:dark_oak_log":4,"minecraft:wheat_seeds":6,"minecraft:oak_sapling":1},"minecraft:killed":{"minecraft:chicken":1},"minecraft:crafted":{"minecraft:oak_planks":20,"minecraft:crafting_table":1,"minecraft:stick":8,"minecraft:wooden_pickaxe":1,"minecraft:dark_oak_planks":12},"minecraft:used":{"simplyswords:sunfire":6,"aquamirae:maw_spawn_egg":1,"youre_seeing_dungeons:unreal_dagger":1,"minecraft:torch":2,"minecraft:crafting_table":1,"minecraft:oak_sapling":1,"alexsmobs:animal_dictionary":1,"aquamirae:captain_cornelia_spawn_egg":1,"born_in_chaos_v1:door_knight_not_despawn_spawn_egg":1},"minecraft:mined":{"byg:lush_dirt":5,"minecraft:dark_oak_log":5,"minecraft:grass":10,"minecraft:oak_log":9,"minecraft:oak_leaves":7,"minecraft:fern":3,"byg:lush_grass_block":15}},"DataVersion":3120}