{"stats":{"minecraft:custom":{"minecraft:mob_kills":14,"minecraft:interact_with_crafting_table":13,"minecraft:leave_game":31,"minecraft:time_since_death":69461,"minecraft:time_since_rest":69461,"minecraft:sprint_one_cm":5908,"minecraft:damage_taken":130,"minecraft:walk_one_cm":134329,"minecraft:drop":53,"minecraft:damage_dealt":5244,"minecraft:swim_one_cm":1386,"minecraft:fly_one_cm":54876,"minecraft:crouch_one_cm":22,"minecraft:play_time":69461,"minecraft:sneak_time":103,"minecraft:walk_under_water_one_cm":2631,"minecraft:jump":173,"minecraft:walk_on_water_one_cm":1524,"minecraft:total_world_time":69461,"minecraft:fall_one_cm":2487},"minecraft:dropped":{"simplyswords:stormbringer":1,"youre_seeing_dungeons:despair_shortsword":1,"cataclysm:ignitium_leggings":1,"minecraft:wheat_seeds":2,"aquamirae:fin_cutter":1,"rpgsmw:iron_scythe":1,"simplyswords:harbinger":1,"immersive_melodies:trumpet":1,"aquamirae:whisper_of_the_abyss":1,"aquamirae:terrible_helmet":1,"cataclysm:the_incinerator":1,"immersive_melodies:flute":1,"aquamirae:coral_lance":1,"minecraft:enchanted_golden_apple":66,"youre_seeing_dungeons:epitaph_creature_spawn_egg":1,"cataclysm:ignitium_elytra_chestplate":1,"youre_seeing_dungeons:desert_pillager_slingshot_spawn_egg":1,"byg:lush_dirt":10,"farmersdelight:chicken_sandwich":3,"aquamirae:terrible_chestplate":1,"simplyswords:shadowsting":1,"born_in_chaos_v1:soulbane":1,"simplyswords:soulstealer":1,"cataclysm:ignitium_helmet":1,"cataclysm:ignitium_chestplate":1,"simplyswords:storms_edge":1,"immersive_melodies:piano":1,"ad_astra:oxygen_tank":1,"simplyswords:tainted_relic":1,"aquamirae:terrible_boots":1,"aquamirae:terrible_leggings":1,"simplyswords:mjolnir":1,"youre_seeing_dungeons:the_attractor_mutated_spawn_egg":1,"born_in_chaos_v1:trident_hayfork":1,"simplyswords:watching_warglaive":1,"simplyswords:netherite_cutlass":1,"cataclysm:ignitium_boots":1,"simplyswords:iron_claymore":1,"simplyswords:sunfire":1},"minecraft:picked_up":{"minecraft:feather":2,"byg:lush_dirt":18,"minecraft:chicken":1,"ad_astra:tier_4_rocket":1,"minecraft:oak_log":9,"minecraft:wheat_seeds":6,"minecraft:cobbled_deepslate":2,"aether:victory_medal":1,"minecraft:smooth_basalt":4,"youre_seeing_dungeons:mucus_item":19,"byg:fairy_slipper":1,"minecraft:dark_oak_log":5,"byg:black_sand":1,"minecraft:dark_oak_planks":4,"youre_seeing_dungeons:the_attractor_mutated_spawn_egg":1,"youre_seeing_dungeons:essence":1,"youre_seeing_dungeons:epitaph_creature_spawn_egg":1,"minecraft:oak_sapling":1},"minecraft:killed":{"youre_seeing_dungeons:epitaph_creature":1,"youre_seeing_dungeons:light_critter_rings":1,"youre_seeing_dungeons:despair_creature_head":2,"youre_seeing_dungeons:sparks":2,"aquamirae:captain_cornelia":1,"minecraft:chicken":1,"youre_seeing_dungeons:the_attractor":5,"minecraft:skeleton_horse":1},"minecraft:crafted":{"minecraft:oak_planks":20,"minecraft:crafting_table":1,"minecraft:wooden_pickaxe":1,"minecraft:stick":8,"minecraft:dark_oak_planks":12},"minecraft:used":{"simplyswords:sunfire":10,"youre_seeing_dungeons:sparks_spawn_egg":1,"aquamirae:maw_spawn_egg":1,"cataclysm:desert_eye":2,"youre_seeing_dungeons:divina_guardian_spawn_egg":1,"youre_seeing_dungeons:despair_creature_spawn_egg":1,"cnb:sporeling_overworld_egg":1,"youre_seeing_dungeons:the_attractor_spawn_egg":1,"minecraft:torch":2,"youre_seeing_dungeons:epitaph_creature_spawn_egg":1,"minecraft:crafting_table":1,"aquamirae:golden_moth_spawn_egg":1,"ad_astra:tier_4_rocket":3,"aquamirae:captain_cornelia_spawn_egg":1,"aquamirae:pillagers_patrol_spawn_egg":1,"born_in_chaos_v1:soulbane":52,"cataclysm:the_baby_leviathan_spawn_egg":1,"youre_seeing_dungeons:light_critter_spawn_egg":1,"aether:valkyrie_spawn_egg":2,"youre_seeing_dungeons:unreal_dagger":1,"ad_astra:launch_pad":2,"ad_astra:oxygen_loader":1,"youre_seeing_dungeons:the_attractor_mutated_spawn_egg":1,"ad_astra:cable_duct":9,"minecraft:oak_sapling":1,"youre_seeing_dungeons:lying_creature_spawn_egg":1,"cataclysm:coral_spear":4,"cataclysm:the_watcher_spawn_egg":1,"alexsmobs:animal_dictionary":1,"aquamirae:dagger_of_greed":35,"cataclysm:the_leviathan_spawn_egg":1,"born_in_chaos_v1:door_knight_not_despawn_spawn_egg":1},"minecraft:mined":{"minecraft:dark_oak_log":5,"byg:lush_grass_block":15,"byg:lush_dirt":5,"minecraft:grass":10,"minecraft:oak_log":9,"minecraft:oak_leaves":7,"minecraft:fern":3}},"DataVersion":3120}