{"stats":{"minecraft:used":{"minecraft:wooden_axe":16,"youre_seeing_dungeons:unreal_dagger":27,"minecraft:crafting_table":1,"minecraft:porkchop":6,"minecraft:carrot":3},"minecraft:picked_up":{"minecraft:stick":1,"minecraft:charcoal":3,"minecraft:feather":1,"minecraft:chicken":1,"minecraft:leather":2,"byg:tall_pink_allium":1,"born_in_chaos_v1:ethereal_spirit":1,"minecraft:porkchop":6,"minecraft:oak_log":15,"minecraft:carrot":9,"youre_seeing_dungeons:essence":1,"minecraft:bone":1,"youre_seeing_dungeons:unreal_dagger":2,"minecraft:wheat_seeds":1,"byg:tall_allium":2,"minecraft:oak_sapling":1,"minecraft:sugar_cane":2,"minecraft:mutton":2,"minecraft:white_wool":1},"minecraft:killed":{"minecraft:sheep":1,"minecraft:horse":1,"minecraft:pig":4,"minecraft:chicken":1,"alexsmobs:crow":1,"born_in_chaos_v1:decrepit_skeleton":1},"minecraft:mined":{"farmersdelight:wild_carrots":9,"minecraft:grass":5,"minecraft:oak_log":14,"byg:tall_allium":3,"minecraft:oak_leaves":8},"minecraft:killed_by":{"born_in_chaos_v1:nightmare_stalker":1,"minecraft:skeleton":1,"minecraft:zombie":1},"minecraft:custom":{"minecraft:time_since_rest":2710,"minecraft:sprint_one_cm":135823,"minecraft:damage_taken":980,"minecraft:walk_one_cm":61442,"minecraft:mob_kills":10,"minecraft:drop":3,"minecraft:damage_dealt":1059,"minecraft:swim_one_cm":9139,"minecraft:interact_with_crafting_table":1,"minecraft:fly_one_cm":83758,"minecraft:crouch_one_cm":285,"minecraft:play_time":46550,"minecraft:deaths":3,"minecraft:sneak_time":38,"minecraft:walk_under_water_one_cm":773,"minecraft:jump":459,"minecraft:leave_game":30,"minecraft:time_since_death":2666,"minecraft:walk_on_water_one_cm":1684,"minecraft:total_world_time":46550,"minecraft:fall_one_cm":13652},"minecraft:dropped":{"youre_seeing_dungeons:unreal_dagger":3},"minecraft:crafted":{"minecraft:wooden_sword":1,"minecraft:oak_planks":12,"minecraft:crafting_table":1,"minecraft:stick":4,"minecraft:wooden_axe":1}},"DataVersion":3120}