{"stats":{"minecraft:used":{"minecraft:porkchop":3,"youre_seeing_dungeons:unreal_dagger":5},"minecraft:picked_up":{"youre_seeing_dungeons:unreal_dagger":2,"byg:tall_allium":1,"minecraft:porkchop":3},"minecraft:killed":{"minecraft:pig":2},"minecraft:mined":{"byg:tall_allium":1},"minecraft:killed_by":{"minecraft:skeleton":1},"minecraft:custom":{"minecraft:time_since_rest":2584,"minecraft:crouch_one_cm":285,"minecraft:sprint_one_cm":20479,"minecraft:play_time":16495,"minecraft:damage_taken":210,"minecraft:deaths":1,"minecraft:walk_one_cm":19066,"minecraft:sneak_time":38,"minecraft:walk_under_water_one_cm":627,"minecraft:mob_kills":2,"minecraft:drop":2,"minecraft:jump":143,"minecraft:damage_dealt":200,"minecraft:leave_game":14,"minecraft:walk_on_water_one_cm":800,"minecraft:time_since_death":2523,"minecraft:total_world_time":16495,"minecraft:swim_one_cm":3833,"minecraft:fall_one_cm":3224,"minecraft:fly_one_cm":20894},"minecraft:dropped":{"youre_seeing_dungeons:unreal_dagger":2}},"DataVersion":3120}