{"stats":{"minecraft:picked_up":{"youre_seeing_dungeons:unreal_dagger":2},"minecraft:custom":{"minecraft:jump":17,"minecraft:time_since_rest":8079,"minecraft:crouch_one_cm":112,"minecraft:leave_game":11,"minecraft:play_time":8079,"minecraft:sprint_one_cm":123,"minecraft:time_since_death":8079,"minecraft:walk_one_cm":2240,"minecraft:sneak_time":18,"minecraft:total_world_time":8079,"minecraft:drop":2,"minecraft:fly_one_cm":429},"minecraft:dropped":{"youre_seeing_dungeons:unreal_dagger":2}},"DataVersion":3120}