{"stats":{"minecraft:used":{"minecraft:wooden_axe":16,"minecraft:stone_pickaxe":46,"minecraft:wooden_pickaxe":7,"youre_seeing_dungeons:unreal_dagger":27,"minecraft:torch":8,"minecraft:beef":2,"minecraft:crafting_table":3,"minecraft:porkchop":6,"minecraft:carrot":3},"minecraft:picked_up":{"minecraft:charcoal":3,"minecraft:stick":1,"minecraft:feather":1,"minecraft:chicken":1,"minecraft:leather":2,"byg:tall_pink_allium":2,"minecraft:torch":3,"born_in_chaos_v1:ethereal_spirit":1,"minecraft:porkchop":6,"minecraft:oak_log":20,"minecraft:carrot":9,"youre_seeing_dungeons:essence":2,"youre_seeing_dungeons:unreal_dagger":2,"minecraft:bone":1,"born_in_chaos_v1:fire_dust":2,"minecraft:wheat_seeds":1,"byg:tall_allium":9,"minecraft:beef":2,"minecraft:oak_sapling":2,"minecraft:sugar_cane":2,"minecraft:mutton":2,"minecraft:white_wool":1,"minecraft:cobblestone":53},"minecraft:killed":{"minecraft:horse":1,"minecraft:sheep":1,"minecraft:pig":4,"minecraft:chicken":1,"alexsmobs:crow":1,"minecraft:cow":1,"born_in_chaos_v1:decrepit_skeleton":1},"minecraft:mined":{"farmersdelight:wild_carrots":9,"minecraft:grass":15,"minecraft:oak_log":19,"byg:tall_pink_allium":1,"minecraft:stone":53,"byg:tall_allium":9,"minecraft:oak_leaves":12},"minecraft:killed_by":{"born_in_chaos_v1:decrepit_skeleton":2,"born_in_chaos_v1:nightmare_stalker":1,"minecraft:skeleton":1,"minecraft:zombie":4},"minecraft:custom":{"minecraft:time_since_rest":5605,"minecraft:sprint_one_cm":195074,"minecraft:damage_taken":2490,"minecraft:walk_one_cm":87993,"minecraft:mob_kills":11,"minecraft:drop":6,"minecraft:damage_dealt":1159,"minecraft:swim_one_cm":9139,"minecraft:interact_with_crafting_table":4,"minecraft:fly_one_cm":113718,"minecraft:crouch_one_cm":285,"minecraft:play_time":64502,"minecraft:deaths":9,"minecraft:sneak_time":38,"minecraft:walk_under_water_one_cm":773,"minecraft:jump":629,"minecraft:leave_game":42,"minecraft:time_since_death":5247,"minecraft:walk_on_water_one_cm":1684,"minecraft:total_world_time":64502,"minecraft:fall_one_cm":18392},"minecraft:dropped":{"minecraft:torch":3,"youre_seeing_dungeons:unreal_dagger":3},"minecraft:crafted":{"minecraft:wooden_sword":1,"minecraft:oak_planks":32,"minecraft:crafting_table":3,"minecraft:stick":16,"minecraft:wooden_pickaxe":1,"minecraft:stone_pickaxe":1,"minecraft:wooden_axe":1,"minecraft:torch":8}},"DataVersion":3120}