{"stats":{"minecraft:picked_up":{"minecraft:feather":1,"minecraft:chicken":1,"minecraft:leather":2,"minecraft:porkchop":6,"minecraft:oak_log":15,"minecraft:carrot":9,"youre_seeing_dungeons:essence":1,"minecraft:bone":1,"youre_seeing_dungeons:unreal_dagger":2,"minecraft:wheat_seeds":1,"byg:tall_allium":2,"minecraft:oak_sapling":1,"minecraft:mutton":2,"minecraft:white_wool":1},"minecraft:used":{"minecraft:wooden_axe":16,"youre_seeing_dungeons:unreal_dagger":26,"minecraft:crafting_table":1,"minecraft:porkchop":6,"minecraft:carrot":2},"minecraft:killed":{"minecraft:sheep":1,"minecraft:horse":1,"minecraft:pig":4,"minecraft:chicken":1,"alexsmobs:crow":1,"born_in_chaos_v1:decrepit_skeleton":1},"minecraft:mined":{"farmersdelight:wild_carrots":9,"minecraft:grass":5,"minecraft:oak_log":14,"byg:tall_allium":3,"minecraft:oak_leaves":5},"minecraft:killed_by":{"minecraft:skeleton":1},"minecraft:custom":{"minecraft:time_since_rest":16410,"minecraft:sprint_one_cm":81538,"minecraft:damage_taken":300,"minecraft:walk_one_cm":48747,"minecraft:mob_kills":9,"minecraft:drop":2,"minecraft:damage_dealt":1020,"minecraft:swim_one_cm":9139,"minecraft:interact_with_crafting_table":1,"minecraft:fly_one_cm":59028,"minecraft:crouch_one_cm":285,"minecraft:play_time":30321,"minecraft:deaths":1,"minecraft:sneak_time":38,"minecraft:walk_under_water_one_cm":773,"minecraft:jump":337,"minecraft:leave_game":18,"minecraft:walk_on_water_one_cm":1684,"minecraft:time_since_death":16349,"minecraft:total_world_time":30321,"minecraft:fall_one_cm":7564},"minecraft:dropped":{"youre_seeing_dungeons:unreal_dagger":2},"minecraft:crafted":{"minecraft:wooden_sword":1,"minecraft:oak_planks":12,"minecraft:crafting_table":1,"minecraft:stick":4,"minecraft:wooden_axe":1}},"DataVersion":3120}