{"stats":{"minecraft:broken":{"minecraft:wooden_pickaxe":1},"minecraft:picked_up":{"minecraft:stick":2,"minecraft:charcoal":4,"minecraft:crafting_table":2,"byg:tall_pink_allium":3,"born_in_chaos_v1:flaming_evil_pumpkin":1,"born_in_chaos_v1:ethereal_spirit":1,"minecraft:porkchop":2,"minecraft:oak_log":18,"minecraft:dirt":40,"youre_seeing_dungeons:essence":1,"minecraft:arrow":2,"minecraft:bone":3,"born_in_chaos_v1:fire_dust":2,"minecraft:wheat_seeds":2,"byg:tall_allium":4,"byg:pink_allium_flower_bush":2,"minecraft:oak_sapling":1,"minecraft:mutton":6,"minecraft:coal":25,"minecraft:white_wool":4,"minecraft:cobblestone":42},"minecraft:used":{"minecraft:oak_log":5,"minecraft:wooden_axe":37,"byg:pink_allium_flower_bush":1,"minecraft:stone_pickaxe":8,"slashblade:slashblade":15,"byg:tall_allium":3,"minecraft:chest":1,"minecraft:wooden_pickaxe":59,"youre_seeing_dungeons:unreal_dagger":5,"minecraft:torch":1,"minecraft:dirt":40,"minecraft:mutton":4,"minecraft:crafting_table":3,"minecraft:cooked_porkchop":1,"minecraft:furnace":2,"minecraft:campfire":1,"alexsmobs:animal_dictionary":2},"minecraft:killed":{"minecraft:sheep":4,"minecraft:skeleton":1,"minecraft:pig":1,"alexsmobs:terrapin":1,"born_in_chaos_v1:decrepit_skeleton":1},"minecraft:mined":{"byg:pink_allium_flower_bush":1,"minecraft:crafting_table":2,"minecraft:grass":20,"minecraft:coal_ore":25,"minecraft:grass_block":10,"minecraft:oak_log":18,"minecraft:dirt":30,"byg:tall_pink_allium":3,"minecraft:stone":42,"byg:tall_allium":4,"minecraft:oak_leaves":15},"minecraft:killed_by":{"born_in_chaos_v1:dread_hound":2,"born_in_chaos_v1:zombie_lumberjack":4},"minecraft:custom":{"minecraft:time_since_rest":41408,"minecraft:interact_with_furnace":2,"minecraft:sprint_one_cm":164765,"minecraft:damage_taken":1700,"minecraft:walk_one_cm":67745,"minecraft:mob_kills":8,"minecraft:damage_dealt":846,"minecraft:swim_one_cm":11079,"minecraft:interact_with_crafting_table":12,"minecraft:fly_one_cm":110962,"minecraft:open_chest":2,"minecraft:play_time":52651,"minecraft:deaths":6,"minecraft:walk_under_water_one_cm":291,"minecraft:sword_summoned":36,"minecraft:jump":817,"minecraft:walk_on_water_one_cm":3983,"minecraft:time_since_death":41377,"minecraft:total_world_time":52651,"minecraft:fall_one_cm":8151},"minecraft:crafted":{"minecraft:wooden_sword":1,"minecraft:oak_planks":32,"minecraft:cooked_porkchop":2,"minecraft:crafting_table":1,"minecraft:stick":12,"slashblade:slashblade":1,"minecraft:wooden_pickaxe":1,"minecraft:stone_pickaxe":1,"minecraft:wooden_axe":1,"minecraft:chest":1,"minecraft:furnace":2,"minecraft:torch":4,"minecraft:campfire":1}},"DataVersion":3120}