{"stats":{"minecraft:broken":{"minecraft:wooden_pickaxe":1},"minecraft:used":{"minecraft:wooden_axe":1,"byg:pink_allium_flower_bush":1,"byg:tall_allium":3,"minecraft:wooden_pickaxe":59,"youre_seeing_dungeons:unreal_dagger":5,"minecraft:dirt":4,"minecraft:crafting_table":2,"alexsmobs:animal_dictionary":2},"minecraft:picked_up":{"minecraft:crafting_table":1,"byg:tall_pink_allium":2,"minecraft:oak_log":7,"minecraft:dirt":15,"youre_seeing_dungeons:essence":1,"minecraft:bone":2,"minecraft:wheat_seeds":2,"byg:tall_allium":4,"byg:pink_allium_flower_bush":1,"minecraft:coal":25,"minecraft:cobblestone":34},"minecraft:killed":{"born_in_chaos_v1:decrepit_skeleton":1},"minecraft:mined":{"byg:pink_allium_flower_bush":1,"minecraft:crafting_table":1,"minecraft:grass":16,"minecraft:coal_ore":25,"minecraft:grass_block":3,"minecraft:oak_log":7,"minecraft:dirt":12,"byg:tall_pink_allium":2,"minecraft:stone":34,"byg:tall_allium":4,"minecraft:oak_leaves":4},"minecraft:killed_by":{"born_in_chaos_v1:dread_hound":2,"born_in_chaos_v1:zombie_lumberjack":4},"minecraft:custom":{"minecraft:time_since_rest":17408,"minecraft:sprint_one_cm":113212,"minecraft:damage_taken":1650,"minecraft:walk_one_cm":25675,"minecraft:mob_kills":1,"minecraft:damage_dealt":345,"minecraft:interact_with_crafting_table":4,"minecraft:fly_one_cm":85269,"minecraft:play_time":28651,"minecraft:deaths":6,"minecraft:sword_summoned":1,"minecraft:jump":634,"minecraft:time_since_death":17377,"minecraft:total_world_time":28651,"minecraft:fall_one_cm":3553},"minecraft:crafted":{"minecraft:wooden_sword":1,"minecraft:oak_planks":16,"minecraft:crafting_table":1,"minecraft:stick":8,"slashblade:slashblade":1,"minecraft:wooden_pickaxe":1,"minecraft:stone_pickaxe":1,"minecraft:wooden_axe":1}},"DataVersion":3120}