{"stats":{"minecraft:broken":{"minecraft:wooden_pickaxe":1},"minecraft:used":{"minecraft:cooked_mutton":2,"byg:pink_allium_flower_bush":1,"minecraft:stone_pickaxe":11,"minecraft:chest":1,"minecraft:wooden_pickaxe":59,"minecraft:torch":1,"minecraft:dirt":40,"minecraft:mutton":4,"minecraft:crafting_table":3,"minecraft:campfire":1,"minecraft:white_bed":1,"minecraft:oak_log":5,"minecraft:wooden_axe":40,"slashblade:slashblade":84,"byg:tall_allium":3,"youre_seeing_dungeons:unreal_dagger":8,"minecraft:bow":1,"minecraft:beef":1,"minecraft:furnace":2,"minecraft:cooked_porkchop":2,"alexsmobs:animal_dictionary":2},"minecraft:picked_up":{"minecraft:charcoal":4,"minecraft:crafting_table":2,"minecraft:leather":1,"byg:tall_pink_allium":3,"minecraft:oak_log":21,"minecraft:shield":1,"minecraft:gunpowder":2,"minecraft:dirt":46,"minecraft:bone":9,"minecraft:bow":1,"minecraft:wheat_seeds":2,"byg:pink_allium_flower_bush":2,"minecraft:beef":3,"minecraft:stick":2,"born_in_chaos_v1:ethereal_spirit":1,"born_in_chaos_v1:flaming_evil_pumpkin":1,"minecraft:porkchop":2,"youre_seeing_dungeons:essence":2,"minecraft:arrow":3,"born_in_chaos_v1:fire_dust":2,"byg:tall_allium":4,"minecraft:oak_sapling":1,"minecraft:mutton":6,"minecraft:coal":25,"minecraft:white_wool":4,"minecraft:cobblestone":44},"minecraft:killed":{"minecraft:pig":1,"minecraft:creeper":1,"born_in_chaos_v1:decrepit_skeleton":1,"minecraft:sheep":4,"minecraft:skeleton":3,"alexsmobs:terrapin":1,"born_in_chaos_v1:skeleton_thrasher":1,"minecraft:cow":1},"minecraft:mined":{"minecraft:crafting_table":2,"byg:pink_allium_flower_bush":1,"minecraft:grass_block":11,"minecraft:grass":20,"minecraft:oak_log":21,"minecraft:coal_ore":25,"minecraft:dirt":35,"byg:tall_pink_allium":3,"minecraft:stone":44,"byg:tall_allium":4,"minecraft:oak_leaves":15},"minecraft:killed_by":{"born_in_chaos_v1:zombie_lumberjack":4,"born_in_chaos_v1:dread_hound":2},"minecraft:custom":{"minecraft:interact_with_furnace":5,"minecraft:mob_kills":13,"minecraft:interact_with_crafting_table":13,"minecraft:sword_summoned":36,"minecraft:leave_game":1,"minecraft:time_since_death":48205,"minecraft:time_since_rest":48236,"minecraft:sprint_one_cm":217563,"minecraft:damage_taken":1940,"minecraft:walk_one_cm":85059,"minecraft:damage_dealt":1418,"minecraft:swim_one_cm":11079,"minecraft:fly_one_cm":143791,"minecraft:open_chest":2,"minecraft:play_time":59479,"minecraft:deaths":6,"minecraft:walk_under_water_one_cm":291,"minecraft:jump":946,"minecraft:walk_on_water_one_cm":4196,"minecraft:total_world_time":59479,"minecraft:fall_one_cm":12535},"minecraft:crafted":{"minecraft:wooden_sword":1,"minecraft:oak_planks":32,"minecraft:cooked_porkchop":2,"minecraft:crafting_table":1,"slashblade:slashblade":1,"minecraft:wooden_pickaxe":1,"minecraft:furnace":2,"minecraft:campfire":1,"minecraft:cooked_mutton":2,"minecraft:stick":12,"minecraft:stone_pickaxe":1,"minecraft:wooden_axe":1,"minecraft:chest":1,"minecraft:white_bed":1,"minecraft:torch":4}},"DataVersion":3120}