{"stats":{"minecraft:used":{"byg:tall_allium":1,"youre_seeing_dungeons:unreal_dagger":5},"minecraft:picked_up":{"youre_seeing_dungeons:essence":1,"minecraft:bone":2,"minecraft:wheat_seeds":1,"byg:tall_allium":2,"byg:pink_allium_flower_bush":1,"minecraft:oak_log":7},"minecraft:killed":{"born_in_chaos_v1:decrepit_skeleton":1},"minecraft:mined":{"minecraft:grass":14,"minecraft:oak_log":7,"byg:tall_allium":2,"minecraft:oak_leaves":4,"byg:pink_allium_flower_bush":1},"minecraft:killed_by":{"born_in_chaos_v1:dread_hound":2,"born_in_chaos_v1:zombie_lumberjack":3},"minecraft:custom":{"minecraft:time_since_rest":661,"minecraft:walk_one_cm":11485,"minecraft:play_time":10651,"minecraft:sprint_one_cm":87071,"minecraft:damage_taken":1380,"minecraft:deaths":5,"minecraft:mob_kills":1,"minecraft:jump":494,"minecraft:damage_dealt":291,"minecraft:time_since_death":630,"minecraft:total_world_time":10651,"minecraft:fly_one_cm":64130,"minecraft:fall_one_cm":2508}},"DataVersion":3120}