{"stats":{"minecraft:custom":{"minecraft:time_since_rest":12319,"minecraft:sprint_one_cm":723,"minecraft:play_time":12319,"minecraft:damage_taken":110,"minecraft:walk_one_cm":72780,"minecraft:walk_under_water_one_cm":939,"minecraft:mob_kills":2,"minecraft:jump":111,"minecraft:damage_dealt":131,"minecraft:leave_game":2,"minecraft:walk_on_water_one_cm":1125,"minecraft:time_since_death":12319,"minecraft:total_world_time":12319,"minecraft:fly_one_cm":75,"minecraft:fall_one_cm":1992},"minecraft:picked_up":{"minecraft:bone":1,"minecraft:chicken":1,"minecraft:feather":2,"byg:lush_dirt":7,"minecraft:rotten_flesh":2,"byg:fairy_slipper":2,"minecraft:oak_log":2,"minecraft:oak_sapling":1,"minecraft:dark_oak_log":2},"minecraft:killed":{"minecraft:chicken":1,"born_in_chaos_v1:decrepit_skeleton":1},"minecraft:used":{"alexsmobs:animal_dictionary":2,"youre_seeing_dungeons:unreal_dagger":6,"byg:lush_dirt":1,"byg:fairy_slipper":1},"minecraft:crafted":{"minecraft:dark_oak_planks":8},"minecraft:mined":{"minecraft:grass":1,"minecraft:oak_log":2,"minecraft:dark_oak_log":2,"minecraft:oak_leaves":9,"byg:fairy_slipper":1,"byg:lush_grass_block":1}},"DataVersion":3120}