{"stats":{"minecraft:dropped":{"minecraft:oak_log":6,"alexsmobs:animal_dictionary":1,"byg:black_sand":1,"minecraft:chicken":1,"minecraft:feather":2,"byg:fairy_slipper":1,"byg:lush_dirt":12,"farmersdelight:chicken_sandwich":1,"minecraft:dark_oak_log":1,"minecraft:dark_oak_planks":8,"minecraft:bone":1},"minecraft:custom":{"minecraft:mob_kills":13,"minecraft:interact_with_crafting_table":3,"minecraft:damage_dealt_resisted":1065,"minecraft:leave_game":5,"minecraft:time_since_death":21381,"minecraft:damage_resisted":217,"minecraft:time_since_rest":21512,"minecraft:damage_taken":1277,"minecraft:damage_absorbed":437,"minecraft:sprint_one_cm":6053,"minecraft:walk_one_cm":206561,"minecraft:drop":16,"minecraft:damage_dealt":3278,"minecraft:fly_one_cm":50391,"minecraft:play_time":48977,"minecraft:deaths":3,"minecraft:sneak_time":157,"minecraft:walk_under_water_one_cm":11559,"minecraft:aviate_one_cm":2510,"minecraft:jump":304,"minecraft:walk_on_water_one_cm":9857,"minecraft:total_world_time":48977,"minecraft:fall_one_cm":8323},"minecraft:picked_up":{"cataclysm:ignitium_chestplate":1,"minecraft:feather":2,"minecraft:basalt":11,"byg:lush_dirt":19,"minecraft:chicken":2,"simplyswords:harbinger":1,"ad_astra:tier_4_rocket":1,"aquamirae:coral_lance":1,"simplyswords:netherite_cutlass":1,"simplyswords:iron_claymore":1,"minecraft:oak_log":6,"cataclysm:ignitium_boots":1,"farmersdelight:chicken_sandwich":3,"youre_seeing_dungeons:emanciated_meat":1,"minecraft:bone":2,"minecraft:wheat_seeds":5,"minecraft:cobbled_deepslate":4,"aquamirae:terrible_leggings":1,"minecraft:iron_ingot":2,"aether:victory_medal":1,"aquamirae:fin_cutter":1,"simplyswords:stormbringer":1,"minecraft:enchanted_golden_apple":66,"aquamirae:terrible_helmet":1,"aquamirae:terrible_boots":1,"born_in_chaos_v1:soulbane":1,"simplyswords:storms_edge":1,"cataclysm:ignitium_elytra_chestplate":1,"minecraft:smooth_basalt":9,"simplyswords:sunfire":1,"simplyswords:watching_warglaive":1,"youre_seeing_dungeons:mucus_item":22,"byg:fairy_slipper":3,"simplyswords:shadowsting":1,"simplyswords:mjolnir":1,"simplyswords:tainted_relic":1,"aquamirae:terrible_chestplate":1,"minecraft:dark_oak_log":3,"byg:black_sand":2,"alexsmobs:animal_dictionary":1,"minecraft:dark_oak_planks":12,"cataclysm:ignitium_helmet":1,"immersive_melodies:piano":1,"minecraft:rotten_flesh":4,"rpgsmw:iron_scythe":1,"simplyswords:soulstealer":1,"youre_seeing_dungeons:despair_shortsword":1,"aquamirae:whisper_of_the_abyss":1,"cataclysm:the_incinerator":1,"minecraft:oak_sapling":1,"born_in_chaos_v1:trident_hayfork":1,"cataclysm:ignitium_leggings":1},"minecraft:killed":{"aquamirae:maw":1,"cataclysm:the_watcher":1,"born_in_chaos_v1:door_knight_not_despawn":1,"youre_seeing_dungeons:emanciated_creature":3,"born_in_chaos_v1:decrepit_skeleton":1,"youre_seeing_dungeons:the_attractor_mutated":1,"minecraft:pillager":1,"minecraft:chicken":1,"youre_seeing_dungeons:the_attractor":1,"aether:valkyrie":2},"minecraft:crafted":{"minecraft:crafting_table":1,"minecraft:dark_oak_planks":8},"minecraft:used":{"simplyswords:sunfire":19,"simplyswords:harbinger":1,"byg:fairy_slipper":1,"youre_seeing_dungeons:despair_shortsword":15,"farmersdelight:chicken_sandwich":1,"minecraft:crafting_table":1,"simplyswords:storms_edge":6,"byg:lush_dirt":1,"youre_seeing_dungeons:unreal_dagger":6,"simplyswords:shadowsting":1,"alexsmobs:animal_dictionary":2,"simplyswords:soulstealer":7,"minecraft:enchanted_golden_apple":3},"minecraft:mined":{"minecraft:dark_oak_log":2,"byg:black_sand":1,"byg:lush_grass_block":1,"minecraft:grass":3,"minecraft:oak_log":2,"minecraft:oak_leaves":10,"byg:fairy_slipper":1},"minecraft:killed_by":{"aquamirae:captain_cornelia":3}},"DataVersion":3120}