{"stats":{"minecraft:custom":{"minecraft:jump":21,"minecraft:time_since_rest":4110,"minecraft:damage_dealt":40,"minecraft:leave_game":1,"minecraft:play_time":4110,"minecraft:time_since_death":4110,"minecraft:walk_one_cm":12329,"minecraft:total_world_time":4110,"minecraft:mob_kills":1,"minecraft:fall_one_cm":627,"minecraft:fly_one_cm":27},"minecraft:picked_up":{"byg:lush_dirt":7,"minecraft:feather":2,"minecraft:chicken":1,"byg:fairy_slipper":2},"minecraft:killed":{"minecraft:chicken":1},"minecraft:used":{"alexsmobs:animal_dictionary":2,"youre_seeing_dungeons:unreal_dagger":3,"byg:fairy_slipper":1,"byg:lush_dirt":1},"minecraft:mined":{"byg:fairy_slipper":1,"byg:lush_grass_block":1}},"DataVersion":3120}