{"stats":{"minecraft:dropped":{"minecraft:oak_log":2,"alexsmobs:animal_dictionary":1},"minecraft:custom":{"minecraft:time_since_rest":23902,"minecraft:damage_absorbed":437,"minecraft:walk_one_cm":114425,"minecraft:sprint_one_cm":1047,"minecraft:damage_taken":498,"minecraft:mob_kills":4,"minecraft:drop":3,"minecraft:damage_dealt":1430,"minecraft:interact_with_crafting_table":3,"minecraft:fly_one_cm":23753,"minecraft:play_time":23902,"minecraft:sneak_time":133,"minecraft:walk_under_water_one_cm":939,"minecraft:aviate_one_cm":484,"minecraft:damage_dealt_resisted":1065,"minecraft:jump":155,"minecraft:leave_game":2,"minecraft:walk_on_water_one_cm":2101,"minecraft:time_since_death":23902,"minecraft:damage_resisted":200,"minecraft:total_world_time":23902,"minecraft:fall_one_cm":3787},"minecraft:picked_up":{"cataclysm:ignitium_chestplate":1,"cataclysm:ignitium_elytra_chestplate":1,"minecraft:feather":2,"minecraft:chicken":1,"byg:lush_dirt":13,"simplyswords:harbinger":1,"byg:fairy_slipper":2,"simplyswords:shadowsting":1,"simplyswords:tainted_relic":1,"simplyswords:netherite_cutlass":1,"simplyswords:mjolnir":1,"simplyswords:iron_claymore":1,"minecraft:oak_log":4,"byg:black_sand":1,"minecraft:dark_oak_log":3,"farmersdelight:chicken_sandwich":3,"alexsmobs:animal_dictionary":1,"minecraft:dark_oak_planks":8,"cataclysm:ignitium_helmet":1,"minecraft:bone":1,"minecraft:rotten_flesh":4,"rpgsmw:iron_scythe":1,"simplyswords:soulstealer":1,"youre_seeing_dungeons:despair_shortsword":1,"minecraft:iron_ingot":2,"cataclysm:the_incinerator":1,"minecraft:enchanted_golden_apple":66,"minecraft:oak_sapling":1,"born_in_chaos_v1:trident_hayfork":1,"born_in_chaos_v1:soulbane":1},"minecraft:killed":{"aquamirae:maw":1,"minecraft:chicken":1,"born_in_chaos_v1:door_knight_not_despawn":1,"born_in_chaos_v1:decrepit_skeleton":1},"minecraft:used":{"youre_seeing_dungeons:unreal_dagger":6,"byg:fairy_slipper":1,"youre_seeing_dungeons:despair_shortsword":14,"farmersdelight:chicken_sandwich":1,"minecraft:crafting_table":1,"simplyswords:soulstealer":7,"alexsmobs:animal_dictionary":2,"minecraft:enchanted_golden_apple":3,"byg:lush_dirt":1},"minecraft:crafted":{"minecraft:crafting_table":1,"minecraft:dark_oak_planks":8},"minecraft:mined":{"minecraft:dark_oak_log":2,"minecraft:grass":1,"minecraft:oak_log":2,"byg:black_sand":1,"byg:fairy_slipper":1,"minecraft:oak_leaves":9,"byg:lush_grass_block":1}},"DataVersion":3120}