{
  "farmersdelight:recipes/farmersdelight/wheat_dough_from_eggs": {
    "criteria": {
      "has_wheat": "2024-10-08 02:25:00 +0000"
    },
    "done": true
  },
  "minecraft:recipes/tools/wooden_axe": {
    "criteria": {
      "has_stick": "2024-10-08 02:22:05 +0000"
    },
    "done": true
  },
  "smallships:recipes/transportation/birch_drakkar": {
    "criteria": {
      "in_water": "2024-10-08 02:25:03 +0000"
    },
    "done": true
  },
  "farmersdelight:main/plant_all_crops": {
    "criteria": {
      "wheat": "2024-10-08 02:25:02 +0000"
    },
    "done": false
  },
  "smallships:recipes/transportation/jungle_drakkar": {
    "criteria": {
      "in_water": "2024-10-08 02:25:03 +0000"
    },
    "done": true
  },
  "smallships:recipes/transportation/acacia_cog": {
    "criteria": {
      "in_water": "2024-10-08 02:25:03 +0000"
    },
    "done": true
  },
  "vampirism:recipes/vampirism/general/fire_place": {
    "criteria": {
      "has_logs": "2024-10-08 02:21:17 +0000"
    },
    "done": true
  },
  "minecraft:recipes/decorations/crafting_table": {
    "criteria": {
      "has_planks": "2024-10-08 02:21:56 +0000"
    },
    "done": true
  },
  "minecraft:recipes/decorations/campfire": {
    "criteria": {
      "has_stick": "2024-10-08 02:22:05 +0000"
    },
    "done": true
  },
  "smallships:recipes/transportation/birch_cog": {
    "criteria": {
      "in_water": "2024-10-08 02:25:03 +0000"
    },
    "done": true
  },
  "minecraft:recipes/food/bread": {
    "criteria": {
      "has_wheat": "2024-10-08 02:25:00 +0000"
    },
    "done": true
  },
  "aquamirae:adventure/root": {
    "criteria": {
      "crafting_table": "2024-10-08 02:22:05 +0000"
    },
    "done": true
  },
  "minecraft:recipes/decorations/ladder": {
    "criteria": {
      "has_stick": "2024-10-08 02:22:05 +0000"
    },
    "done": true
  },
  "smallships:recipes/transportation/spruce_drakkar": {
    "criteria": {
      "in_water": "2024-10-08 02:25:03 +0000"
    },
    "done": true
  },
  "byg:recipes/byg.byg/maple_sign": {
    "criteria": {
      "has_planks": "2024-10-08 02:21:56 +0000"
    },
    "done": true
  },
  "farmersdelight:recipes/farmersdelight/pie_crust": {
    "criteria": {
      "has_wheat": "2024-10-08 02:25:00 +0000"
    },
    "done": true
  },
  "farmersdelight:recipes/farmersdelight/cooking/baked_cod_stew": {
    "criteria": {
      "has_any_ingredient": "2024-10-08 02:23:47 +0000"
    },
    "done": true
  },
  "minecraft:recipes/decorations/chest": {
    "criteria": {
      "has_lots_of_items": "2024-10-08 02:24:43 +0000"
    },
    "done": true
  },
  "vampirism:recipes/vampirism/hunter/cross": {
    "criteria": {
      "has_planks": "2024-10-08 02:21:56 +0000"
    },
    "done": true
  },
  "smallships:recipes/transportation/oak_cog": {
    "criteria": {
      "in_water": "2024-10-08 02:25:03 +0000"
    },
    "done": true
  },
  "minecraft:recipes/transportation/mangrove_boat": {
    "criteria": {
      "in_water": "2024-10-08 02:25:03 +0000"
    },
    "done": true
  },
  "minecraft:recipes/tools/wooden_shovel": {
    "criteria": {
      "has_stick": "2024-10-08 02:22:05 +0000"
    },
    "done": true
  },
  "byg:recipes/byg.byg/maple_wood": {
    "criteria": {
      "has_log": "2024-10-08 02:21:17 +0000"
    },
    "done": true
  },
  "vampirism:recipes/vampirism/general/altar_cleansing": {
    "criteria": {
      "has_vampire_book": "2024-10-08 02:21:56 +0000"
    },
    "done": true
  },
  "minecraft:recipes/misc/stick": {
    "criteria": {
      "has_planks": "2024-10-08 02:21:56 +0000"
    },
    "done": true
  },
  "smallships:recipes/transportation/acacia_galley": {
    "criteria": {
      "in_water": "2024-10-08 02:25:03 +0000"
    },
    "done": true
  },
  "eeeabsmobs:eeeabsmobs/root": {
    "criteria": {
      "requirement": "2024-10-08 02:19:18 +0000"
    },
    "done": true
  },
  "minecraft:recipes/transportation/spruce_boat": {
    "criteria": {
      "in_water": "2024-10-08 02:25:03 +0000"
    },
    "done": true
  },
  "byg:recipes/byg.byg/maple_door": {
    "criteria": {
      "has_planks": "2024-10-08 02:21:56 +0000"
    },
    "done": true
  },
  "minecraft:recipes/combat/wooden_sword": {
    "criteria": {
      "has_stick": "2024-10-08 02:22:05 +0000"
    },
    "done": true
  },
  "smallships:recipes/transportation/mangrove_cog": {
    "criteria": {
      "in_water": "2024-10-08 02:25:03 +0000"
    },
    "done": true
  },
  "byg:recipes/byg.byg/maple_stairs": {
    "criteria": {
      "has_planks": "2024-10-08 02:21:56 +0000"
    },
    "done": true
  },
  "cataclysm:root": {
    "criteria": {
      "custom_test_name": "2024-10-08 02:19:18 +0000"
    },
    "done": true
  },
  "aether:recipes/transportation/skyroot_boat": {
    "criteria": {
      "in_water": "2024-10-08 02:25:03 +0000"
    },
    "done": true
  },
  "rpgsmw:assassin_class": {
    "criteria": {
      "assassin_class": "2024-10-08 02:24:36 +0000"
    },
    "done": true
  },
  "vampirism:recipes/vampirism/general/throne": {
    "criteria": {
      "has_planks": "2024-10-08 02:21:56 +0000"
    },
    "done": true
  },
  "vampirism:recipes/vampirism/general/vampire_rack": {
    "criteria": {
      "has_planks": "2024-10-08 02:21:56 +0000"
    },
    "done": true
  },
  "minecraft:husbandry/balanced_diet": {
    "criteria": {
      "potato": "2024-10-08 02:23:52 +0000",
      "bread": "2024-10-08 02:26:15 +0000"
    },
    "done": false
  },
  "minecraft:recipes/tools/wooden_hoe": {
    "criteria": {
      "has_stick": "2024-10-08 02:22:05 +0000"
    },
    "done": true
  },
  "byg:recipes/byg.byg/maple_pressure_plate": {
    "criteria": {
      "has_planks": "2024-10-08 02:21:56 +0000"
    },
    "done": true
  },
  "smallships:recipes/transportation/jungle_galley": {
    "criteria": {
      "in_water": "2024-10-08 02:25:03 +0000"
    },
    "done": true
  },
  "smallships:recipes/transportation/acacia_brigg": {
    "criteria": {
      "in_water": "2024-10-08 02:25:03 +0000"
    },
    "done": true
  },
  "byg:recipes/byg.byg/maple_bookshelf": {
    "criteria": {
      "has_planks": "2024-10-08 02:21:56 +0000"
    },
    "done": true
  },
  "slashblade:root": {
    "criteria": {
      "attackTheEntity": "2024-10-08 02:24:41 +0000"
    },
    "done": true
  },
  "farmersdelight:recipes/farmersdelight/cooking/beef_stew": {
    "criteria": {
      "has_any_ingredient": "2024-10-08 02:23:47 +0000"
    },
    "done": true
  },
  "smallships:recipes/transportation/dark_oak_galley": {
    "criteria": {
      "in_water": "2024-10-08 02:25:03 +0000"
    },
    "done": true
  },
  "rpgsmw:choose_your_class": {
    "criteria": {
      "choose_your_class": "2024-10-08 02:19:17 +0000"
    },
    "done": true
  },
  "minecraft:story/root": {
    "criteria": {
      "crafting_table": "2024-10-08 02:22:05 +0000"
    },
    "done": true
  },
  "minecraft:recipes/combat/crossbow": {
    "criteria": {
      "has_stick": "2024-10-08 02:22:05 +0000"
    },
    "done": true
  },
  "cfm:recipes/cfm/diving_board": {
    "criteria": {
      "has_wheat": "2024-10-08 02:25:00 +0000"
    },
    "done": true
  },
  "vampirism:recipes/vampirism/vampire/altar_inspiration": {
    "criteria": {
      "has_planks": "2024-10-08 02:21:56 +0000"
    },
    "done": true
  },
  "smallships:recipes/transportation/jungle_cog": {
    "criteria": {
      "in_water": "2024-10-08 02:25:03 +0000"
    },
    "done": true
  },
  "byg:recipes/byg.byg/maple_fence_gate": {
    "criteria": {
      "has_planks": "2024-10-08 02:21:56 +0000"
    },
    "done": true
  },
  "minecraft:recipes/building_blocks/hay_block": {
    "criteria": {
      "has_wheat": "2024-10-08 02:25:00 +0000"
    },
    "done": true
  },
  "youre_seeing_dungeons:you_are_seeing_dungeons": {
    "criteria": {
      "you_are_seeing_dungeons": "2024-10-08 02:19:18 +0000"
    },
    "done": true
  },
  "create:recipes/create.base/crafting/appliances/crafting_blueprint": {
    "criteria": {
      "has_item": "2024-10-08 02:22:05 +0000"
    },
    "done": true
  },
  "smallships:recipes/transportation/oak_brigg": {
    "criteria": {
      "in_water": "2024-10-08 02:25:03 +0000"
    },
    "done": true
  },
  "byg:recipes/byg.byg/maple_boat": {
    "criteria": {
      "has_planks": "2024-10-08 02:21:56 +0000"
    },
    "done": true
  },
  "smallships:recipes/transportation/birch_galley": {
    "criteria": {
      "in_water": "2024-10-08 02:25:03 +0000"
    },
    "done": true
  },
  "vampirism:recipes/vampirism/hunter/stake": {
    "criteria": {
      "has_sticks": "2024-10-08 02:22:05 +0000"
    },
    "done": true
  },
  "byg:root": {
    "criteria": {
      "tick": "2024-10-08 02:19:18 +0000"
    },
    "done": true
  },
  "byg:recipes/byg.byg/maple_button": {
    "criteria": {
      "has_planks": "2024-10-08 02:21:56 +0000"
    },
    "done": true
  },
  "byg:adventure/oh_the_biomes_youll_go": {
    "criteria": {
      "byg:allium_fields": "2024-10-08 02:19:19 +0000",
      "byg:maple_taiga": "2024-10-08 02:20:44 +0000"
    },
    "done": false
  },
  "farmersdelight:recipes/farmersdelight/flint_knife": {
    "criteria": {
      "has_stick": "2024-10-08 02:22:05 +0000"
    },
    "done": true
  },
  "smallships:recipes/transportation/oak_drakkar": {
    "criteria": {
      "in_water": "2024-10-08 02:25:03 +0000"
    },
    "done": true
  },
  "byg:husbandry/root": {
    "criteria": {
      "consumed_item": "2024-10-08 02:23:52 +0000"
    },
    "done": true
  },
  "smallships:recipes/transportation/birch_brigg": {
    "criteria": {
      "in_water": "2024-10-08 02:25:03 +0000"
    },
    "done": true
  },
  "minecraft:adventure/sleep_in_bed": {
    "criteria": {
      "slept_in_bed": "2024-10-08 02:23:37 +0000"
    },
    "done": true
  },
  "minecraft:recipes/misc/charcoal": {
    "criteria": {
      "has_log": "2024-10-08 02:21:17 +0000"
    },
    "done": true
  },
  "byg:recipes/byg.byg/maple_slab": {
    "criteria": {
      "has_planks": "2024-10-08 02:21:56 +0000"
    },
    "done": true
  },
  "minecraft:recipes/tools/wooden_pickaxe": {
    "criteria": {
      "has_stick": "2024-10-08 02:22:05 +0000"
    },
    "done": true
  },
  "smallships:recipes/transportation/dark_oak_drakkar": {
    "criteria": {
      "in_water": "2024-10-08 02:25:03 +0000"
    },
    "done": true
  },
  "vampirism:recipes/vampirism/cursed_spruce_boat": {
    "criteria": {
      "in_water": "2024-10-08 02:25:03 +0000"
    },
    "done": true
  },
  "minecraft:husbandry/root": {
    "criteria": {
      "consumed_item": "2024-10-08 02:23:52 +0000"
    },
    "done": true
  },
  "slashblade:material/proudsoul_tiny": {
    "criteria": {
      "BrokenBlade": "2024-10-08 02:24:41 +0000"
    },
    "done": true
  },
  "minecraft:recipes/transportation/birch_boat": {
    "criteria": {
      "in_water": "2024-10-08 02:25:03 +0000"
    },
    "done": true
  },
  "vampirism:recipes/food/general/garlic_bread": {
    "criteria": {
      "has_bread": "2024-10-08 02:26:11 +0000"
    },
    "done": true
  },
  "minecraft:recipes/decorations/barrel": {
    "criteria": {
      "has_planks": "2024-10-08 02:21:56 +0000"
    },
    "done": true
  },
  "byg:recipes/byg.byg/maple_fence": {
    "criteria": {
      "has_planks": "2024-10-08 02:21:56 +0000"
    },
    "done": true
  },
  "minecraft:recipes/transportation/acacia_boat": {
    "criteria": {
      "in_water": "2024-10-08 02:25:03 +0000"
    },
    "done": true
  },
  "vampirism:recipes/vampirism/dark_spruce_boat": {
    "criteria": {
      "in_water": "2024-10-08 02:25:03 +0000"
    },
    "done": true
  },
  "farmersdelight:recipes/farmersdelight/cutting_board": {
    "criteria": {
      "has_stick": "2024-10-08 02:22:05 +0000"
    },
    "done": true
  },
  "aether:recipes/decorations/skyroot_chest": {
    "criteria": {
      "has_lots_of_items": "2024-10-08 02:24:43 +0000"
    },
    "done": true
  },
  "minecraft:adventure/root": {
    "criteria": {
      "killed_something": "2024-10-08 02:24:42 +0000"
    },
    "done": true
  },
  "minecraft:husbandry/plant_seed": {
    "criteria": {
      "wheat": "2024-10-08 02:25:02 +0000"
    },
    "done": true
  },
  "smallships:recipes/misc/sail": {
    "criteria": {
      "in_water": "2024-10-08 02:25:03 +0000"
    },
    "done": true
  },
  "smallships:recipes/transportation/mangrove_galley": {
    "criteria": {
      "in_water": "2024-10-08 02:25:03 +0000"
    },
    "done": true
  },
  "cfm:recipes/cfm/door_mat": {
    "criteria": {
      "has_wheat": "2024-10-08 02:25:00 +0000"
    },
    "done": true
  },
  "minecraft:recipes/transportation/jungle_boat": {
    "criteria": {
      "in_water": "2024-10-08 02:25:03 +0000"
    },
    "done": true
  },
  "farmersdelight:main/root": {
    "criteria": {
      "seeds": "2024-10-08 02:19:17 +0000"
    },
    "done": true
  },
  "vampirism:recipes/vampirism/alchemy_table/plant_oil": {
    "criteria": {
      "has_wheat_seeds": "2024-10-08 02:24:33 +0000"
    },
    "done": true
  },
  "smallships:recipes/transportation/oak_galley": {
    "criteria": {
      "in_water": "2024-10-08 02:25:03 +0000"
    },
    "done": true
  },
  "minecraft:recipes/transportation/dark_oak_boat": {
    "criteria": {
      "in_water": "2024-10-08 02:25:03 +0000"
    },
    "done": true
  },
  "minecraft:recipes/food/baked_potato_from_smoking": {
    "criteria": {
      "has_potato": "2024-10-08 02:23:47 +0000"
    },
    "done": true
  },
  "vampirism:recipes/vampirism/hunter/crucifix": {
    "criteria": {
      "planks": "2024-10-08 02:21:56 +0000"
    },
    "done": true
  },
  "dungeons_arise:wda_root": {
    "criteria": {
      "WDA": "2024-10-08 02:19:18 +0000"
    },
    "done": true
  },
  "vampirism:recipes/vampirism/alchemy_table": {
    "criteria": {
      "has_planks": "2024-10-08 02:21:56 +0000"
    },
    "done": true
  },
  "smallships:recipes/transportation/mangrove_brigg": {
    "criteria": {
      "in_water": "2024-10-08 02:25:03 +0000"
    },
    "done": true
  },
  "smallships:recipes/transportation/spruce_galley": {
    "criteria": {
      "in_water": "2024-10-08 02:25:03 +0000"
    },
    "done": true
  },
  "farmersdelight:recipes/farmersdelight/wheat_dough_from_water": {
    "criteria": {
      "has_wheat": "2024-10-08 02:25:00 +0000"
    },
    "done": true
  },
  "minecraft:recipes/food/baked_potato": {
    "criteria": {
      "has_potato": "2024-10-08 02:23:47 +0000"
    },
    "done": true
  },
  "smallships:recipes/transportation/acacia_drakkar": {
    "criteria": {
      "in_water": "2024-10-08 02:25:03 +0000"
    },
    "done": true
  },
  "smallships:recipes/transportation/spruce_brigg": {
    "criteria": {
      "in_water": "2024-10-08 02:25:03 +0000"
    },
    "done": true
  },
  "smallships:recipes/transportation/jungle_brigg": {
    "criteria": {
      "in_water": "2024-10-08 02:25:03 +0000"
    },
    "done": true
  },
  "mca:root": {
    "criteria": {
      "village_taiga": "2024-10-08 02:21:16 +0000"
    },
    "done": true
  },
  "byg:recipes/byg.byg/maple_crafting_table": {
    "criteria": {
      "has_planks": "2024-10-08 02:21:56 +0000"
    },
    "done": true
  },
  "create:root": {
    "criteria": {
      "0": "2024-10-08 02:19:17 +0000"
    },
    "done": true
  },
  "smallships:recipes/transportation/dark_oak_brigg": {
    "criteria": {
      "in_water": "2024-10-08 02:25:03 +0000"
    },
    "done": true
  },
  "smallships:recipes/transportation/dark_oak_cog": {
    "criteria": {
      "in_water": "2024-10-08 02:25:03 +0000"
    },
    "done": true
  },
  "byg:recipes/byg.byg/maple_planks": {
    "criteria": {
      "has_logs": "2024-10-08 02:21:17 +0000"
    },
    "done": true
  },
  "minecraft:recipes/transportation/oak_boat": {
    "criteria": {
      "in_water": "2024-10-08 02:25:03 +0000"
    },
    "done": true
  },
  "minecraft:recipes/decorations/soul_campfire": {
    "criteria": {
      "has_stick": "2024-10-08 02:22:05 +0000"
    },
    "done": true
  },
  "smallships:recipes/transportation/spruce_cog": {
    "criteria": {
      "in_water": "2024-10-08 02:25:03 +0000"
    },
    "done": true
  },
  "minecraft:recipes/food/baked_potato_from_grill_cooking": {
    "criteria": {
      "has_potato": "2024-10-08 02:23:47 +0000"
    },
    "done": true
  },
  "smallships:recipes/transportation/mangrove_drakkar": {
    "criteria": {
      "in_water": "2024-10-08 02:25:03 +0000"
    },
    "done": true
  },
  "minecraft:recipes/food/baked_potato_from_campfire_cooking": {
    "criteria": {
      "has_potato": "2024-10-08 02:23:47 +0000"
    },
    "done": true
  },
  "byg:recipes/byg.byg/maple_trapdoor": {
    "criteria": {
      "has_planks": "2024-10-08 02:21:56 +0000"
    },
    "done": true
  },
  "DataVersion": 3120
}