{
  "dungeons_arise:wda_root": {
    "criteria": {
      "WDA": "2024-10-09 01:57:10 +0000"
    },
    "done": true
  },
  "youre_seeing_dungeons:you_are_seeing_dungeons": {
    "criteria": {
      "you_are_seeing_dungeons": "2024-10-09 01:57:10 +0000"
    },
    "done": true
  },
  "byg:root": {
    "criteria": {
      "tick": "2024-10-09 01:57:10 +0000"
    },
    "done": true
  },
  "farmersdelight:main/root": {
    "criteria": {
      "seeds": "2024-10-09 01:57:09 +0000"
    },
    "done": true
  },
  "byg:adventure/oh_the_biomes_youll_go": {
    "criteria": {
      "byg:allium_fields": "2024-10-09 01:57:11 +0000"
    },
    "done": false
  },
  "create:root": {
    "criteria": {
      "0": "2024-10-09 01:57:09 +0000"
    },
    "done": true
  },
  "eeeabsmobs:eeeabsmobs/root": {
    "criteria": {
      "requirement": "2024-10-09 01:57:10 +0000"
    },
    "done": true
  },
  "cataclysm:root": {
    "criteria": {
      "custom_test_name": "2024-10-09 01:57:10 +0000"
    },
    "done": true
  },
  "rpgsmw:choose_your_class": {
    "criteria": {
      "choose_your_class": "2024-10-09 01:57:09 +0000"
    },
    "done": true
  },
  "DataVersion": 3120
}